0,1,Kimberley,Kuhic,F,15/5/90,,110182.0,Sales,40,Single,Yes
1,1,Kitty,Ruecker,F,24/7/76,PE,90613.0,Sales,76,Married,No
2,5,Jamal,Cole,M,31/1/83,PE,109251.0,Research & Development,89,Single,Yes
3,5,Christopher,D'Amore,F,16/3/74,PE,103614.0,Sales,78,Married,No
4,5,Carly,Ratke,M,16/1/98,PE,88315.0,Research & Development,86,Single,Yes
5,8,Alvy,Beahan,U,5/8/93,PE,66519.0,Sales,77,Divorced,No
6,8,Paola,Kilback,F,9/11/81,PE,61536.0,Human Resources,46,Divorced,No
7,10,Pate,Weber,F,3/1/92,PE,71722.0,Research & Development,30,Married,Yes
8,10,Saige,Casper,M,3/8/90,,61597.0,Research & Development,82,Married,No
9,11,Buna,Connelly,M,1/1/90,PE,148038.0,Sales,78,Married,Yes
10,12,Javion,Moore,M,13/2/76,,137513.0,Research & Development,38,Single,No
11,12,Ursula,Wintheiser,M,26/11/99,,135046.0,Research & Development,72,Divorced,No
12,12,Alesia,Hirthe,M,21/4/79,PE,126664.0,Sales,55,Single,No
13,12,Efrain,Harber,U,26/1/95,,57029.0,Research & Development,43,Married,No
14,19,Jalen,Considine,F,9/12/87,,110155.0,Research & Development,67,Married,No
15,21,Ezequiel,Baumbach,M,19/12/92,PE,131575.0,Research & Development,96,Married,No
16,21,Elaine,Barrows,M,8/6/83,PE,59553.0,Research & Development,69,Single,Yes
17,22,Rashawn,Wyman,M,6/5/95,,56155.0,Research & Development,64,Single,No
18,24,Ariella,Runte,F,26/12/93,PE,107325.0,Research & Development,87,Divorced,No
19,24,Abbott,Rippin,F,11/3/84,PE,93348.0,Research & Development,100,Single,No
20,26,Albertus,Bernier,U,6/1/89,PE,101017.0,Research & Development,32,Married,No
21,31,Syreeta,Altenwerth,M,28/8/99,PE,117554.0,Research & Development,32,Single,No
22,31,Teddy,Rath,M,17/2/90,PE,109005.0,Sales,51,Married,No
23,31,Jory,Waters,U,5/10/70,,80945.0,Research & Development,91,Single,No
24,33,Brittnay,Yundt,U,30/9/84,PE,70648.0,Research & Development,97,Single,No
25,34,Aimee,Sauer,M,18/11/92,CA,125785.0,Research & Development,86,Single,No
26,34,Danyel,Considine,F,5/5/73,PE,61059.0,Sales,64,Married,Yes
27,35,Virgia,Feil,U,19/9/87,TE,59488.0,Research & Development,33,Single,No
28,36,Lukas,Kunze,U,29/9/96,TE,139432.0,Research & Development,88,Single,Yes
29,36,Einar,Beier,F,6/9/71,,113541.0,Sales,55,Married,Yes
30,36,Ardell,Von,M,3/3/89,CA,110429.0,Research & Development,68,Married,No
31,36,Callie,Lesch,M,4/10/92,,66278.0,Research & Development,47,Married,No
32,37,Jolette,Marks,M,12/10/77,,132173.0,Research & Development,39,Married,No
33,38,Duke,Krajcik,M,29/9/77,PE,136383.0,Research & Development,44,Single,No
34,39,Gilda,Gerlach,F,25/6/87,PE,58922.0,Research & Development,97,Married,No
35,41,Gladyce,Kovacek,F,24/5/93,PE,110498.0,Research & Development,40,Married,Yes
36,43,Montel,Kunde,F,29/7/96,CA,105292.0,Sales,47,Married,No
37,45,Tilman,Welch,F,24/5/73,PE,114153.0,Research & Development,79,Married,Yes
38,45,Manilla,Daniel,M,6/7/80,,89318.0,Human Resources,38,Single,Yes
39,46,Nevada,Kunde,F,10/5/86,PE,112824.0,Research & Development,67,Divorced,No
40,46,Tyrese,Eichmann,F,18/7/82,,81777.0,Research & Development,67,Divorced,Yes
41,47,Deasia,Herzog,M,15/8/72,CA,102541.0,Research & Development,67,Divorced,No
42,48,Ruffin,Medhurst,M,13/11/94,PE,67369.0,Sales,98,Married,No
43,49,Jordyn,Connelly,F,10/11/90,PE,124399.0,Research & Development,67,Married,No
44,50,Lavada,Schmidt,M,15/5/87,,101898.0,Sales,70,Single,Yes
45,51,Fleda,Botsford,M,14/1/89,PE,77949.0,Sales,96,Divorced,No
46,51,Berkley,Nader,M,5/1/82,PE,69904.0,Research & Development,91,Married,No
47,54,Keandre,Herzog,M,27/6/91,PE,133885.0,Sales,46,Married,No
48,54,Clovis,Romaguera,F,14/3/92,PE,94327.0,Sales,64,Married,No
49,56,Seth,Rippin,M,11/4/76,PE,148561.0,Human Resources,71,Married,No
50,57,Jamin,Gerhold,M,9/8/96,PE,114066.0,Research & Development,68,Single,No
51,57,Shelli,Hettinger,U,18/9/76,PE,95690.0,Sales,33,Married,No
52,57,Odie,Veum,F,23/7/88,,85210.0,Research & Development,69,Divorced,Yes
53,61,Florian,Beahan,U,3/2/78,PE,98027.0,Research & Development,78,Married,No
54,62,Ivonne,Langworth,F,1/3/77,TE,132528.0,Research & Development,81,Married,No
55,62,Jarred,Kilback,M,28/3/90,PE,56123.0,Research & Development,62,Married,No
56,64,Marcello,Yost,M,15/4/95,PE,59985.0,Research & Development,65,Married,No
57,65,Faith,Becker,F,16/12/92,PE,99575.0,Research & Development,35,Single,No
58,66,Savilla,Bernier,F,16/7/74,PE,122832.0,Sales,60,Married,No
59,66,Ott,Huels,M,17/7/91,,106909.0,Research & Development,45,Married,No
60,67,Marcy,Schuppe,M,31/12/83,,142081.0,Research & Development,89,Married,No
61,69,Shaneka,Powlowski,U,21/3/95,PE,103204.0,Sales,80,Married,No
62,71,Bobbie,Kessler,F,3/9/70,TE,119641.0,Sales,90,Single,No
63,72,Laisha,Collier,F,23/10/81,PE,131899.0,Sales,73,Single,No
64,73,Brandon,Stokes,F,23/1/80,,117282.0,Research & Development,87,Single,Yes
65,73,Gregorio,Christiansen,M,25/7/86,TE,112205.0,Research & Development,51,Single,Yes
66,74,Marlin,Collins,F,26/2/81,PE,85519.0,Sales,38,Married,No
67,75,Donat,Ryan,M,15/7/78,PE,88653.0,Research & Development,87,Divorced,No
68,75,Kayson,Towne,F,8/11/80,TE,68757.0,Sales,59,Married,Yes
69,76,Wilhelm,Halvorson,M,18/6/84,,56856.0,Research & Development,45,Married,No
70,77,Baldwin,Osinski,U,8/8/93,PE,72896.0,Research & Development,80,Married,Yes
71,78,Brannon,Goldner,F,9/4/85,PE,72290.0,Research & Development,93,Single,No
72,79,Dorsey,Zemlak,M,30/10/88,,72049.0,Research & Development,46,Married,No
73,80,Adella,Hintz,F,21/12/70,PE,116692.0,Research & Development,92,Married,No
74,80,Zelpha,White,M,7/12/99,PE,84398.0,Sales,84,Married,No
75,82,Rennie,Koch,M,24/8/93,TE,132854.0,Research & Development,87,Divorced,No
76,82,Gwyneth,Prosacco,U,13/9/95,PE,55602.0,Research & Development,63,Married,No
77,84,Akeelah,Kris,M,22/2/81,PE,123656.0,Sales,56,Single,No
78,85,Galilea,Waters,U,24/7/70,PE,135774.0,Research & Development,51,Married,Yes
79,87,Citlalli,Dach,F,2/7/93,PE,133519.0,Research & Development,85,Married,Yes
80,88,Zain,Franecki,F,3/11/72,PE,141171.0,Research & Development,41,Married,Yes
81,88,Tempie,Heller,F,10/7/83,PE,141141.0,Research & Development,35,Married,No
82,88,Gustie,Feest,M,29/12/76,PE,130311.0,Research & Development,31,Divorced,Yes
83,89,Yuridia,Rodriguez,U,22/1/84,TE,129460.0,Research & Development,48,Married,No
84,90,Greyson,Bruen,F,30/10/72,CA,144889.0,Research & Development,50,Single,Yes
85,90,Zilpha,Kreiger,F,21/7/80,,91584.0,Sales,52,Married,No
86,91,Glennis,Abshire,M,19/1/92,,104223.0,Sales,54,Single,No
87,91,Ethelyn,Romaguera,U,15/4/94,PE,90500.0,Research & Development,76,Married,Yes
88,92,Love,Bode,F,16/8/90,PE,101786.0,Research & Development,42,Divorced,No
89,93,Wells,Wyman,F,29/7/75,,78807.0,Research & Development,84,Married,No
90,94,Davonta,Hoppe,M,22/9/73,CA,132089.0,Research & Development,76,Married,No
91,94,Samara,Erdman,F,29/10/91,PE,119930.0,Research & Development,67,Divorced,No
92,95,Jase,Dibbert,M,3/12/72,PE,146698.0,Research & Development,67,Married,No
93,95,Hilah,Thompson,U,6/5/84,TE,103413.0,Research & Development,67,Divorced,No
94,97,Jonnie,McDermott,M,13/7/80,CA,100740.0,Research & Development,97,Single,No
95,98,Leroy,Kuhic,F,18/12/92,CA,149322.0,Sales,70,Single,Yes
96,98,Carmen,Macejkovic,U,13/6/87,PE,128497.0,Human Resources,98,Married,No
97,99,Austin,Hahn,F,1/5/75,,88848.0,Research & Development,76,Divorced,No
98,101,Khalilah,Flatley,M,31/3/74,PE,91171.0,Research & Development,80,Married,No
99,101,Delvin,Schuppe,M,5/6/97,PE,62462.0,Research & Development,52,Married,No
100,102,Ramona,Reichert,F,26/2/77,PE,116332.0,Research & Development,85,Married,No
101,102,Stacey,Rice,F,13/2/75,TE,109856.0,Research & Development,81,Single,No
102,104,Cephus,Botsford,M,11/9/86,PE,84377.0,Research & Development,59,Divorced,No
103,105,Christa,Buckridge,M,23/5/98,PE,139709.0,Research & Development,54,Married,Yes
104,105,Lucetta,Kemmer,M,22/3/80,PE,72335.0,Sales,55,Married,No
105,106,Bennie,Deckow,F,20/10/85,PE,86508.0,Research & Development,71,Married,No
106,108,Myrta,Kuvalis,M,24/1/90,PE,106103.0,Research & Development,84,Single,Yes
107,108,Meryl,Wunsch,M,4/11/99,TE,73793.0,Human Resources,37,Married,Yes
108,109,Odin,Metz,M,5/11/99,PE,91335.0,Research & Development,89,Married,No
109,109,Joselyn,Schmeler,M,23/6/70,PE,84979.0,Sales,59,Divorced,Yes
110,110,Julie,Wiegand,F,24/5/82,PE,141991.0,Research & Development,32,Single,Yes
111,110,Metta,Trantow,U,21/12/77,PE,122444.0,Research & Development,86,Married,No
112,110,Benny,Jenkins,U,11/11/73,TE,86686.0,Research & Development,87,Single,No
113,112,Elease,Torp,F,31/1/90,PE,89048.0,Research & Development,73,Single,Yes
114,115,Pandora,Goodwin,F,24/4/75,,139469.0,Sales,42,Single,No
115,116,Eboni,Feest,M,13/6/81,,140226.0,Research & Development,42,Married,No
116,116,Dionte,Hettinger,U,21/9/95,,96590.0,Research & Development,77,Divorced,No
117,124,Edrie,Wilderman,F,3/2/76,,117636.0,Research & Development,66,Married,No
118,124,Alaina,Hilpert,U,9/1/87,PE,62046.0,Research & Development,72,Married,No
119,126,Ulises,Nicolas,F,30/4/95,PE,134165.0,Research & Development,50,Divorced,No
120,126,Rayfield,Armstrong,U,16/1/74,PE,121744.0,Sales,31,Single,No
121,126,Redmond,Zieme,M,6/4/79,CA,90315.0,Research & Development,66,Divorced,No
122,126,Kimberli,Walter,M,7/3/76,CA,60712.0,Research & Development,77,Single,No
123,130,Merwin,O'Keefe,U,7/9/81,TE,95193.0,Research & Development,41,Married,Yes
124,130,Oney,Purdy,M,20/12/76,PE,59579.0,Research & Development,33,Married,No
125,132,Keira,Lubowitz,M,27/1/86,PE,137921.0,Research & Development,79,Divorced,No
126,132,Maxim,Orn,M,1/3/71,CA,127966.0,Research & Development,91,Married,No
127,132,Esmeralda,Nolan,F,3/11/96,PE,57474.0,Research & Development,65,Married,No
128,134,Seth,Schuppe,U,23/11/86,,148986.0,Sales,36,Single,Yes
129,135,Aletha,Konopelski,U,18/1/84,PE,60778.0,Research & Development,90,Married,No
130,137,Colette,Franecki,U,2/6/90,PE,127923.0,Sales,43,Divorced,Yes
131,137,Winston,Sipes,M,22/5/98,PE,106134.0,Sales,93,Divorced,No
132,137,Rosco,Lynch,U,20/6/89,PE,103499.0,Research & Development,45,Divorced,No
133,138,Freddie,Emmerich,M,19/12/87,,138387.0,Sales,67,Married,No
134,138,Nannette,Wintheiser,U,5/10/85,PE,124371.0,Research & Development,74,Divorced,Yes
135,141,Thurman,Bosco,F,29/6/73,PE,130265.0,Research & Development,42,Single,No
136,141,Bayard,Bartoletti,M,21/11/90,CA,115560.0,Sales,47,Divorced,No
137,142,Ashby,Waelchi,F,12/8/85,,119416.0,Research & Development,36,Single,No
138,143,Ilo,Mohr,F,8/1/85,PE,106096.0,Sales,80,Single,Yes
139,143,Miranda,Hagenes,M,21/4/80,TE,68804.0,Sales,54,Single,No
140,144,Stanford,Roberts,U,14/11/96,PE,147941.0,Sales,36,Divorced,Yes
141,144,Gavin,Kuhic,M,20/9/85,PE,132542.0,Research & Development,67,Married,No
142,144,Tracey,Lebsack,F,24/4/75,CA,72866.0,Human Resources,67,Divorced,Yes
143,147,Bryan,Schulist,M,10/9/72,PE,146652.0,Research & Development,67,Single,Yes
144,148,Celeste,Bernhard,M,24/4/73,CA,76386.0,Research & Development,67,Married,No
145,149,Sheilah,Hoeger,F,11/12/90,PE,57102.0,Research & Development,48,Married,No
146,151,Ephram,Lindgren,M,10/12/94,CA,130053.0,Sales,95,Married,Yes
147,151,Truman,Hansen,M,15/1/99,PE,108002.0,Research & Development,95,Single,No
148,154,Jiles,Osinski,M,3/12/81,,59309.0,Research & Development,76,Single,No
149,156,Armstead,O'Kon,F,7/8/84,PE,75042.0,Research & Development,94,Divorced,No
150,157,Shana,Prosacco,U,1/11/73,PE,64181.0,Research & Development,57,Married,No
151,160,Daniele,Kassulke,M,28/4/89,PE,138123.0,Research & Development,92,Divorced,No
152,160,Zita,Hermiston,M,29/4/97,PE,128330.0,Research & Development,79,Married,No
153,160,Denice,Hayes,U,17/6/76,PE,115752.0,Sales,31,Divorced,No
154,160,Kelley,Stiedemann,U,14/9/77,PE,78564.0,Research & Development,35,Married,No
155,161,Zion,Cronin,U,30/9/91,PE,115523.0,Sales,99,Divorced,Yes
156,163,Ester,Emmerich,M,13/8/89,,134033.0,Research & Development,96,Married,Yes
157,163,Offie,Bernier,M,18/12/83,PE,89910.0,Research & Development,79,Single,Yes
158,163,January,Balistreri,F,26/10/95,,63802.0,Sales,73,Married,Yes
159,165,Jalissa,Bogisich,F,7/1/74,PE,101133.0,Research & Development,62,,No
160,165,Bennett,Bahringer,M,16/4/71,PE,66507.0,Sales,35,,No
161,166,Ailene,Bradtke,M,27/10/77,TE,126848.0,Research & Development,43,,No
162,167,Nick,Little,M,20/8/80,PE,103003.0,Sales,51,Single,No
163,167,Harmony,Welch,U,18/7/91,PE,83793.0,Research & Development,74,Married,No
164,171,Christa,Roob,M,17/12/96,TE,110838.0,Human Resources,58,Married,No
165,171,Hope,Zboncak,F,18/7/89,PE,109051.0,Sales,82,Married,1
166,172,Medora,Wisoky,M,13/9/94,PE,113470.0,Research & Development,62,Married,No
167,172,Valentino,Borer,U,16/1/79,,103891.0,Research & Development,48,Single,No
168,174,Devin,Reynolds,U,15/1/91,TE,56817.0,Research & Development,56,Married,No
169,175,Melton,Sporer,U,24/11/94,CA,115644.0,Research & Development,69,Married,No
170,175,Aja,Lynch,M,21/8/86,PE,69271.0,Human Resources,60,Married,No
171,176,Breonna,Schaefer,F,28/6/82,PE,105640.0,Research & Development,92,Married,Yes
172,177,Carmelita,Bednar,M,22/2/97,,71107.0,Research & Development,91,Divorced,No
173,177,Alena,Johns,M,30/7/80,PE,64689.0,Research & Development,34,Single,No
174,183,Heyward,Mueller,M,7/11/84,,118215.0,Research & Development,49,Married,No
175,184,Sheree,Morar,M,22/3/97,CA,86222.0,Research & Development,33,Married,No
176,185,Wally,Hirthe,M,20/7/91,PE,129998.0,Sales,87,Married,No
177,185,Thomas,Leffler,M,27/1/91,PE,96328.0,Sales,74,Divorced,Yes
178,185,Quint,Halvorson,M,24/11/78,TE,56029.0,Sales,96,Divorced,Yes
179,187,Audie,Weimann,F,14/11/72,PE,118431.0,Sales,34,Single,No
180,188,Fenton,Block,F,23/2/90,PE,119342.0,Research & Development,51,Single,No
181,188,Gracie,Shanahan,M,21/9/92,PE,61106.0,Research & Development,30,Single,No
183,189,Clarke,Block,U,10/7/82,PE,80576.0,Sales,80,Married,No
184,191,Denice,Hand,F,29/10/94,TE,83935.0,Sales,88,Single,No
185,191,Jacquez,Halvorson,F,3/8/91,PE,55690.0,Human Resources,56,Married,No
186,193,Imanol,Streich,M,30/9/74,PE,76056.0,Research & Development,78,Single,No
187,194,Ace,Upton,U,25/8/87,PE,120120.0,Human Resources,59,Married,No
188,194,Trilby,Hartmann,F,11/1/79,PE,118209.0,Human Resources,66,Divorced,No
189,194,Travon,Schmitt,M,7/12/99,CA,112990.0,Sales,51,Married,No
190,195,Mustafa,Emard,M,16/3/72,PE,55003.0,Research & Development,67,Single,No
191,196,Ebb,Thiel,M,19/10/82,PE,142036.0,Sales,52,Single,No
192,198,Acy,Paucek,M,17/11/92,,146126.0,Research & Development,70,Single,Yes
193,202,Amarion,Tromp,U,5/1/70,CA,146723.0,Sales,94,Divorced,No
194,202,Delwin,Satterfield,M,8/5/92,TE,146286.0,Research & Development,97,Married,Yes
195,202,Brandon,Yost,F,22/1/93,PE,84858.0,Sales,62,Single,No
196,204,Selah,Pfeffer,U,20/4/91,,90609.0,Sales,80,Single,No
197,206,Ardell,Swift,F,15/6/97,PE,146257.0,Sales,74,Single,Yes
198,207,True,Mante,M,29/4/84,TE,84350.0,Research & Development,75,Married,No
199,208,Minerva,Sawayn,M,9/8/79,CA,139741.0,Sales,70,Married,No
200,208,Nancie,Smith,F,12/3/98,PE,107216.0,Research & Development,91,Divorced,No
201,208,Jedidiah,Zieme,U,20/10/99,CA,85879.0,Research & Development,58,Married,No
202,211,Savon,Lubowitz,M,11/11/72,PE,110521.0,Research & Development,65,Single,No
203,211,Alyce,Haag,M,5/10/79,PE,106761.0,Research & Development,60,Married,Yes
204,211,Lexie,Robel,M,5/9/97,,106595.0,Research & Development,38,Married,Yes
205,212,Fredy,Mraz,F,5/5/94,PE,104426.0,Research & Development,57,Divorced,No
206,213,Willie,O'Keefe,F,12/1/98,PE,124504.0,Research & Development,60,Married,No
207,213,Lyn,Bechtelar,F,27/4/90,TE,104808.0,Research & Development,90,Divorced,No
208,214,Debbie,Bayer,F,31/12/83,PE,140985.0,Research & Development,67,Divorced,No
209,214,Gail,Erdman,F,23/10/75,PE,84614.0,Sales,87,Divorced,Yes
210,215,Pasquale,Boyle,M,9/4/71,CA,132888.0,Research & Development,60,Married,Yes
211,216,Jazlyn,Davis,M,11/4/94,CA,118945.0,Human Resources,97,Single,No
212,217,Adrian,Christiansen,F,20/5/92,PE,118067.0,Sales,32,Single,No
213,217,Ryann,Mertz,M,21/6/97,,83567.0,Sales,31,Single,No
214,217,Alec,Spinka,M,11/7/93,PE,62865.0,Research & Development,40,Married,No
215,218,Kaiden,Hayes,U,6/4/75,CA,143624.0,Research & Development,79,Married,Yes
216,219,Vicente,Wiegand,M,7/4/92,PE,67066.0,Sales,91,Married,No
217,221,Devonte,Erdman,M,15/9/85,PE,59567.0,Research & Development,53,Married,No
218,222,Lucie,Murphy,M,22/5/91,PE,146587.0,Sales,46,Married,No
219,222,Goldia,Kulas,F,22/9/77,PE,145125.0,Research & Development,46,Divorced,Yes
220,222,Yaakov,Skiles,U,17/5/88,,134281.0,Research & Development,90,Married,Yes
221,222,Elodie,Heller,M,15/6/98,PE,131562.0,Research & Development,99,Divorced,Yes
222,222,Beckie,Welch,F,13/5/83,,85858.0,Human Resources,89,Divorced,No
223,222,Caddie,Toy,F,16/12/86,PE,74409.0,Sales,84,Single,Yes
224,225,Michaela,Sanford,F,5/5/76,PE,70382.0,Research & Development,90,Married,No
225,227,Leone,Upton,M,8/3/88,CA,148436.0,Research & Development,82,Married,No
226,227,Xiomara,Armstrong,U,29/7/96,PE,145164.0,Research & Development,65,Single,No
227,228,Newt,Kertzmann,F,14/5/97,PE,80860.0,Sales,98,Single,No
228,229,Octave,Grant,U,28/4/75,,69936.0,Research & Development,99,Married,No
229,232,Marland,Bayer,F,10/4/91,TE,144022.0,Research & Development,95,Married,No
230,232,Urijah,McClure,F,29/4/71,TE,105555.0,Research & Development,90,Divorced,No
231,232,Gaither,Jakubowski,U,10/10/87,PE,65128.0,Human Resources,100,Divorced,No
232,233,Leo,Bartell,U,7/7/95,PE,74990.0,Research & Development,93,Married,No
233,233,Bryce,Beatty,M,15/12/70,CA,57111.0,Research & Development,58,Single,No
234,235,Eugenie,Senger,M,19/10/98,TE,125441.0,Sales,83,Divorced,No
235,235,Melody,Farrell,M,5/6/81,PE,89670.0,Research & Development,52,Single,No
236,235,Lakendra,Ruecker,U,1/10/73,PE,73881.0,Research & Development,85,Single,No
237,236,Boyd,Hirthe,U,29/12/86,PE,73884.0,Sales,67,Divorced,Yes
238,237,Leora,Tromp,M,13/6/84,TE,84218.0,Research & Development,64,,No
240,238,Addison,Sanford,U,20/9/77,CA,111234.0,Research & Development,66,,No
241,240,Melissa,Bode,F,19/7/86,CA,65725.0,Research & Development,52,,No
242,241,Jaclyn,O'Connell,F,30/1/93,PE,126787.0,Sales,92,Married,No
243,242,Milo,Sanford,F,18/12/73,PE,112077.0,Sales,52,Divorced,No
244,242,Clemence,O'Connell,F,24/6/84,PE,92830.0,Research & Development,91,Married,No
245,244,Helene,Medhurst,M,13/8/82,PE,123711.0,Research & Development,92,Divorced,Yes
246,245,Gladis,Yost,U,30/12/96,PE,74821.0,Research & Development,47,Divorced,No
247,245,Rico,Wilderman,M,29/12/70,PE,73523.0,Research & Development,68,Married,No
248,246,Alwilda,Lueilwitz,M,10/7/99,PE,132499.0,Sales,68,Married,No
249,249,Elmer,Reichert,M,9/4/78,PE,84094.0,Research & Development,67,Married,No
250,251,Burnie,Marvin,U,16/2/98,PE,76057.0,Sales,77,Married,Yes
251,253,Margot,Connelly,F,30/4/82,,75082.0,Sales,46,Single,No
252,254,Leonor,Reynolds,F,9/4/89,CA,79301.0,Research & Development,87,Married,Yes
253,257,Vergie,Tremblay,F,9/12/87,CA,149999.0,Research & Development,33,Single,No
254,259,Cain,Rath,U,30/12/80,PE,148413.0,Human Resources,89,Married,No
255,260,Karley,Hahn,M,24/8/84,PE,134543.0,Human Resources,56,Divorced,Yes
256,260,Hillard,Aufderhar,U,21/1/85,PE,93850.0,Sales,67,Married,No
257,261,Harley,Conn,M,24/10/83,PE,98869.0,Research & Development,73,Married,Yes
258,261,Garey,Vandervort,F,19/7/71,PE,67132.0,Sales,92,Married,No
259,263,Lorrayne,Volkman,M,13/11/88,TE,121555.0,Research & Development,53,Single,Yes
260,264,Jaeda,Effertz,U,21/3/94,PE,131924.0,Research & Development,40,Married,No
261,266,Giovani,Friesen,F,26/3/80,CA,87001.0,Sales,79,Single,No
262,267,Eliot,Johnston,M,27/10/79,PE,121358.0,Research & Development,38,Married,No
263,267,Karlee,Labadie,M,17/11/75,PE,108276.0,Research & Development,64,Single,1
264,269,Kiya,Reynolds,F,1/4/81,,100427.0,Research & Development,82,Divorced,No
265,269,Mabel,VonRueden,M,21/1/79,PE,76933.0,Human Resources,43,Divorced,No
266,270,Rigoberto,Swift,U,27/12/86,PE,133069.0,Research & Development,93,Divorced,No
267,270,Loula,Hahn,F,23/9/98,PE,107869.0,Research & Development,81,Single,No
268,272,Leonora,Kirlin,M,6/10/87,PE,85853.0,Sales,82,Single,Yes
269,273,Davis,Price,U,17/3/90,PE,81471.0,Sales,45,Divorced,No
270,274,Salina,Hammes,F,16/4/79,TE,122286.0,Sales,36,Married,No
271,275,Moody,Fritsch,F,2/10/92,PE,62066.0,Human Resources,87,Married,No
272,276,Hart,Kunze,M,8/9/74,CA,73245.0,Research & Development,81,Married,No
273,277,Bliss,Abshire,F,20/8/85,PE,106218.0,Research & Development,91,Married,No
274,277,Talmage,Bartell,F,19/2/89,PE,103606.0,Research & Development,73,Single,Yes
275,277,Rosanne,Heathcote,F,23/6/93,,67357.0,Sales,64,Married,No
276,277,Meta,Denesik,F,21/12/71,PE,65794.0,Research & Development,77,Married,No
277,278,Lorelei,Spencer,M,10/2/73,PE,126556.0,Research & Development,41,Divorced,No
278,279,Alaina,Klocko,F,7/9/81,PE,125133.0,Research & Development,98,Married,No
279,279,Jarod,Jerde,U,30/1/79,PE,113984.0,Sales,78,Married,No
280,281,Alston,Davis,F,5/8/70,,123387.0,Sales,89,Single,No
281,281,Simon,Ortiz,F,18/5/78,,67293.0,Research & Development,75,Single,Yes
282,282,Waymon,Bauch,M,29/12/73,PE,118954.0,Sales,63,Married,Yes
283,284,Francies,McGlynn,F,5/5/91,PE,131460.0,Research & Development,89,Divorced,No
284,285,Merl,Wintheiser,U,30/1/80,PE,130592.0,Sales,64,Married,Yes
285,285,Pennie,Goodwin,U,26/3/97,PE,76698.0,Research & Development,59,Single,No
286,286,Mickey,Hettinger,U,2/7/96,CA,79999.0,Research & Development,78,Married,Yes
287,287,Jory,Tromp,F,6/6/85,PE,133805.0,Research & Development,44,Married,Yes
288,288,Rubie,Hartmann,M,6/9/96,PE,64643.0,Research & Development,93,Married,No
289,289,Jeryl,Lesch,F,24/5/71,PE,144888.0,Human Resources,94,Single,No
290,289,Uriah,Bashirian,M,22/3/74,PE,102185.0,Research & Development,98,Divorced,No
291,290,Frieda,Barrows,M,27/9/81,PE,130890.0,Research & Development,90,Married,Yes
292,291,Berneice,Powlowski,U,25/11/80,PE,146171.0,Sales,89,Single,0
293,291,Solomon,Ziemann,M,30/5/75,,86358.0,Research & Development,67,Divorced,0
294,293,Drury,Weissnat,U,29/1/82,PE,99258.0,Research & Development,78,Married,0
295,293,Rob,Hagenes,M,27/1/97,TE,73762.0,Research & Development,85,Married,Yes
296,296,Verona,Padberg,M,14/10/98,,125561.0,Research & Development,97,Single,No
297,296,Isiah,Crist,U,12/10/84,CA,85347.0,Sales,33,Married,No
298,297,Clemmie,Crist,M,24/4/88,CA,67216.0,Sales,54,Married,No
299,298,Edwina,Aufderhar,M,8/9/89,PE,89080.0,Research & Development,83,Married,No
300,299,Alvin,Marvin,F,21/7/89,,109310.0,Sales,86,Divorced,Yes
301,301,Garrison,Schulist,M,14/10/82,PE,109871.0,Sales,75,Married,Yes
302,301,Leonore,Stroman,M,18/2/91,PE,58179.0,Research & Development,62,Divorced,No
303,301,Jimmie,Wisoky,F,15/3/82,PE,55945.0,Research & Development,61,Married,No
304,302,Vernell,Schmidt,F,8/8/83,,123021.0,Research & Development,44,Single,No
305,303,Dennis,Cole,M,16/4/93,,147018.0,Sales,43,Single,No
306,303,Martell,Kassulke,U,20/2/72,TE,127189.0,Sales,42,Married,Yes
307,304,Iesha,Franecki,M,16/7/75,TE,100401.0,Sales,45,Single,No
308,307,Colt,Schmitt,F,31/7/90,,79093.0,Sales,32,Married,No
309,307,Percival,Flatley,F,11/12/82,PE,67961.0,Research & Development,41,Married,No
310,308,Elberta,Harvey,F,29/12/88,PE,146691.0,Research & Development,86,Married,Yes
311,309,Beatriz,Brakus,U,12/7/74,TE,118988.0,Sales,84,Single,Yes
312,309,Wilfred,Willms,M,19/7/98,,108311.0,Research & Development,64,Married,No
313,310,Sammy,Dickinson,F,20/4/96,PE,136082.0,Sales,89,Married,No
314,310,Tolbert,Trantow,M,7/9/94,PE,91941.0,Research & Development,87,Married,No
315,312,Rylie,Bode,M,5/3/78,PE,146229.0,Research & Development,58,Divorced,Yes
316,312,Osborne,Bayer,M,13/8/90,PE,111836.0,Sales,72,Married,Yes
317,313,Danette,Ward,U,30/7/87,TE,129422.0,Research & Development,47,Single,Yes
318,317,Arthur,Beatty,M,4/7/74,,89660.0,Research & Development,71,Divorced,No
319,318,Makena,Heidenreich,M,27/8/74,CA,95112.0,Research & Development,67,Married,No
320,318,Bev,Schuster,F,23/6/81,PE,69093.0,Sales,77,Divorced,Yes
321,321,Lim,Schmitt,M,19/2/74,CA,128365.0,Human Resources,58,Married,No
322,325,Migdalia,Sauer,M,24/8/92,PE,144271.0,Sales,71,Married,No
323,325,Latifah,Howe,M,22/3/94,TE,81518.0,Research & Development,49,Single,No
324,326,Mandy,Greenfelder,U,16/11/95,PE,79047.0,Research & Development,48,Divorced,Yes
325,326,Denton,Becker,F,13/5/84,PE,60045.0,Research & Development,66,Married,No
326,327,Amarion,Larkin,M,28/6/87,PE,145321.0,Sales,32,Single,No
327,327,Renea,Erdman,M,3/8/86,PE,64245.0,Sales,39,Divorced,No
328,327,Byrd,Wintheiser,M,1/11/83,PE,62026.0,Research & Development,95,Single,No
329,328,Otha,Keebler,F,4/2/90,PE,141310.0,Research & Development,89,Married,No
330,328,Randal,Greenholt,F,5/5/96,CA,121584.0,Research & Development,34,Divorced,No
331,329,Elizabet,Dickinson,F,13/3/85,CA,117526.0,Research & Development,48,Married,No
332,329,Jailene,Lakin,M,10/11/87,CA,97618.0,Research & Development,32,Divorced,No
333,332,Alston,Grimes,M,14/5/77,CA,118206.0,Sales,59,Single,No
334,332,Kazuko,Abbott,F,7/2/90,PE,58642.0,Sales,55,Married,Yes
335,333,Gidget,Champlin,M,28/4/75,PE,57584.0,Sales,44,Single,No
336,335,Antionette,Morar,U,13/9/73,,76351.0,Research & Development,56,Single,No
337,337,Carlota,Ruecker,U,14/5/73,PE,141437.0,Sales,63,Married,Yes
338,337,Omar,Beier,M,22/1/77,,125879.0,Sales,66,Single,Yes
339,340,Osie,Bruen,M,18/8/79,TE,85492.0,Research & Development,67,Married,No
340,341,Helena,Runte,U,9/12/96,PE,60112.0,Research & Development,36,Divorced,No
341,343,Eldred,Hahn,M,2/9/98,PE,146067.0,Research & Development,30,Married,No
342,344,Elyse,Stroman,F,24/1/75,PE,107074.0,Human Resources,88,Married,Yes
343,345,Jajuan,Leffler,M,15/4/81,,92701.0,Human Resources,71,Married,Yes
344,346,Albertus,Littel,M,6/3/94,,55958.0,Research & Development,59,Divorced,Yes
345,348,Hebert,Muller,M,4/9/90,PE,100324.0,Sales,77,Single,No
346,348,Tiffanie,Hessel,F,9/3/87,PE,64381.0,Research & Development,37,Single,No
347,349,Kamora,Bednar,U,24/7/88,PE,72137.0,Research & Development,40,Married,No
348,350,Maci,Hilll,F,23/11/96,,124359.0,Research & Development,77,Single,Yes
349,350,Wanda,Cartwright,M,9/9/81,PE,87829.0,Research & Development,67,Single,No
350,351,Kurt,Nikolaus,F,14/12/80,PE,101337.0,Research & Development,78,Single,No
351,352,Austin,Collins,U,12/1/91,,59530.0,Research & Development,73,Married,No
352,353,Gigi,Heathcote,U,26/1/97,PE,143397.0,Sales,92,Married,No
353,353,Hayden,Koepp,F,1/1/91,PE,119933.0,Human Resources,82,Married,No
354,353,Annika,Runte,M,24/7/92,,62438.0,Research & Development,76,Married,No
355,354,Levon,Reinger,F,10/1/80,PE,100738.0,Research & Development,57,Divorced,Yes
356,355,Theodis,Ruecker,F,28/6/90,PE,126923.0,Research & Development,84,Single,No
357,357,Darby,Herzog,M,24/5/80,CA,72575.0,Research & Development,59,Divorced,No
358,358,Payton,Homenick,U,2/3/94,,59924.0,Sales,86,Married,No
359,360,Jasmin,Willms,F,27/8/82,PE,126649.0,Sales,54,Married,No
360,360,Claud,Schultz,U,4/12/71,PE,73087.0,Research & Development,72,Married,No
361,360,Myles,Ritchie,M,19/1/79,,69366.0,Research & Development,35,Divorced,Yes
362,362,Janyce,Yundt,F,18/1/83,PE,82091.0,Research & Development,76,Married,No
363,362,Woodson,Dietrich,U,31/5/92,PE,77757.0,Research & Development,98,Married,No
364,363,Moody,Padberg,F,27/6/96,PE,117535.0,Research & Development,43,Married,Yes
365,364,Korbin,Ondricka,M,19/12/81,TE,121109.0,Research & Development,63,Single,0
366,366,Karel,McLaughlin,M,14/5/84,TE,84829.0,Research & Development,48,Single,0
367,366,June,Hamill,U,4/2/81,TE,74381.0,Research & Development,95,Married,Yes
368,366,Jaimee,Ryan,M,14/5/83,PE,65156.0,Research & Development,49,Single,No
369,367,Kerwin,Purdy,U,3/1/79,PE,55215.0,Research & Development,83,Married,No
370,368,Celia,Konopelski,F,8/1/86,PE,61724.0,Sales,68,Married,No
371,370,Theresa,Gulgowski,M,10/1/75,,81277.0,Research & Development,52,Single,No
372,372,Mauricio,Bergnaum,F,25/7/75,CA,140239.0,Research & Development,99,Married,No
373,373,Alize,Murazik,F,8/4/72,,119571.0,Sales,48,Married,No
374,373,Almond,Waters,M,15/4/73,PE,93094.0,Research & Development,42,Married,1
375,374,Birt,Farrell,F,31/8/71,PE,86943.0,Sales,85,Divorced,1
376,376,Kyle,Ankunding,F,31/8/80,PE,146364.0,Sales,67,Divorced,No
377,377,Corry,Wehner,M,8/4/84,PE,93686.0,Research & Development,42,Single,Yes
378,377,Malcolm,Schmitt,M,30/3/74,PE,59482.0,Sales,58,Single,Yes
379,378,Jeannine,Hyatt,U,18/11/70,PE,126739.0,Research & Development,87,Single,No
380,383,Jennie,Feeney,F,5/2/84,PE,108970.0,Sales,33,Married,No
381,384,Felecia,Bednar,M,23/3/96,,106510.0,Sales,94,Married,No
382,385,Marina,Stark,M,19/2/95,TE,98078.0,Research & Development,97,Divorced,No
383,386,Delmas,Daugherty,U,13/2/97,,69926.0,Research & Development,57,Divorced,No
384,387,Ellsworth,Carter,M,24/7/79,TE,138540.0,Research & Development,36,Married,Yes
385,387,Jalen,Waters,F,22/9/80,PE,118124.0,Research & Development,56,Married,No
386,387,Iva,Green,F,30/7/78,PE,67147.0,Research & Development,72,Married,No
387,389,Skyla,Kris,M,2/2/71,CA,149507.0,Research & Development,60,Married,No
388,390,Rosanne,Kihn,M,2/1/90,PE,149941.0,Sales,95,Married,No
389,391,Raekwon,Kuhn,F,6/2/72,CA,149482.0,Sales,88,Divorced,No
390,391,Iesha,Marvin,U,27/6/86,CA,128357.0,Sales,57,Divorced,No
391,392,Karma,Shields,F,16/7/83,TE,103352.0,Research & Development,78,Single,No
392,395,Abie,Kuhn,F,13/9/81,PE,109730.0,Human Resources,31,Single,Yes
393,396,Rudolfo,Schumm,F,6/8/87,CA,110232.0,Sales,100,Married,No
394,397,Millicent,Moen,M,15/3/83,PE,116407.0,Sales,94,Divorced,No
395,398,Chase,Goyette,F,16/12/82,CA,149717.0,Sales,100,Married,No
396,398,Alene,Kuvalis,F,11/10/73,PE,103230.0,Sales,50,Single,No
397,400,Adonis,Kessler,M,1/11/79,PE,86648.0,Research & Development,52,Single,No
398,403,Audry,Dickinson,F,15/4/77,PE,60869.0,Research & Development,80,Married,Yes
399,406,Vida,Hintz,F,28/10/71,PE,121373.0,Research & Development,98,Married,No
400,407,Baylie,Conroy,M,17/6/88,TE,125274.0,Research & Development,62,Married,No
401,409,Rhea,Runolfsdottir,M,13/9/94,PE,98150.0,Research & Development,46,Married,Yes
402,409,Brionna,Block,F,17/4/73,,55607.0,Research & Development,73,Single,No
403,410,Orren,Berge,U,26/4/97,TE,132390.0,Sales,39,Divorced,Yes
404,410,Emeline,Jast,M,8/12/94,PE,129714.0,Sales,60,Married,No
405,410,Johan,Haag,F,8/6/75,PE,118838.0,Research & Development,74,Single,No
406,411,Brody,Hegmann,F,22/4/78,PE,132509.0,Sales,30,Single,No
407,411,Royal,Balistreri,U,24/4/81,PE,112817.0,Research & Development,41,Married,No
408,411,Jennette,Kemmer,F,10/8/93,PE,92197.0,Research & Development,42,Married,No
409,413,Keeley,Conroy,F,17/1/70,PE,55726.0,Research & Development,87,Married,Yes
410,414,Almeda,Murazik,M,12/3/88,TE,134422.0,Sales,63,Married,No
411,415,Quintin,Halvorson,M,7/6/76,,81527.0,Research & Development,82,Married,No
412,418,Doreen,Baumbach,F,29/3/80,PE,55033.0,Bench,40,,Yes
413,419,Royal,Leffler,F,18/12/98,PE,143991.0,Bench,76,,No
414,419,Tari,Waelchi,F,8/10/98,PE,84696.0,Bench,89,Married,Yes
415,420,Judi,Daugherty,F,23/7/80,PE,56124.0,Bench,78,Married,No
416,424,Oland,Bradtke,M,7/7/72,PE,96697.0,Sales,86,Married,Yes
417,424,Gaylon,Fadel,U,5/10/91,TE,64107.0,Sales,77,Divorced,No
418,426,Christop,Frami,M,6/1/97,,56324.0,Research & Development,46,Single,No
419,427,Herbert,Brown,F,21/5/84,PE,130710.0,Sales,30,Divorced,Yes
420,427,Kelsey,Feil,F,14/4/81,TE,122762.0,Research & Development,82,Married,No
421,428,Mansfield,Mosciski,U,22/3/86,PE,135099.0,Sales,78,Married,Yes
422,428,Georgeann,Gislason,F,26/7/91,CA,133563.0,Human Resources,38,Married,No
423,428,Marylee,Schimmel,F,29/6/98,PE,98535.0,Research & Development,72,Divorced,No
424,428,Salomon,Carter,M,30/5/87,,96431.0,Research & Development,67,Married,No
425,429,Izetta,Keeling,M,12/6/73,,138064.0,Sales,43,Married,No
426,429,Ernie,Harber,M,15/10/97,PE,70102.0,Research & Development,97,Married,No
427,430,Jaylynn,Kerluke,M,9/10/97,PE,130936.0,Research & Development,96,Single,No
428,430,Octavia,Schaefer,U,23/2/71,TE,119608.0,Sales,69,Single,Yes
429,430,Joseph,Reynolds,M,28/12/77,PE,97293.0,Research & Development,64,Married,No
430,430,Stephan,Streich,U,8/2/95,PE,80348.0,Research & Development,87,Single,No
431,431,Maynard,Zieme,U,12/10/82,PE,76354.0,Research & Development,100,Married,No
432,436,Anahi,Will,U,11/7/81,PE,127531.0,Research & Development,32,Married,No
433,438,Blanchard,Ryan,M,15/1/97,PE,138655.0,Research & Development,32,Single,No
434,438,Gracelyn,Friesen,M,7/8/74,PE,73455.0,Research & Development,51,Married,No
435,439,Jesenia,Nicolas,M,28/2/79,PE,89252.0,Research & Development,91,Married,No
436,439,Esther,Cartwright,M,14/9/98,,85697.0,Research & Development,97,Married,No
437,442,Lavon,Kunze,M,29/5/91,PE,86608.0,Research & Development,86,Divorced,No
438,442,Kyrie,Sanford,M,15/4/92,PE,75514.0,Sales,64,Divorced,Yes
439,442,Jazmine,Goyette,U,15/2/90,,67732.0,Research & Development,33,Single,No
440,443,Zadie,Gorczany,M,21/6/92,,123502.0,Research & Development,88,Single,Yes
441,443,Tristin,Shields,F,25/8/80,PE,97981.0,Research & Development,55,Single,Yes
442,444,Justus,Ullrich,M,17/1/81,TE,90633.0,Sales,68,Married,No
443,445,Woodson,Bins,F,14/3/92,PE,113482.0,Research & Development,47,Married,No
444,445,Octavia,Cormier,F,21/3/78,,80301.0,Research & Development,39,Divorced,No
445,445,Darrius,Roberts,U,21/1/77,PE,56414.0,Sales,44,Divorced,No
446,446,Kristian,Heidenreich,F,11/7/75,PE,146795.0,Research & Development,97,Married,No
447,446,Jan,Fahey,M,25/10/87,PE,144382.0,Research & Development,40,Married,Yes
448,446,Warren,Corkery,F,9/2/90,PE,70914.0,Research & Development,47,Married,No
449,447,Marin,Schowalter,U,23/10/81,CA,119484.0,Research & Development,79,Married,Yes
450,447,Francies,Schoen,F,4/11/93,PE,94327.0,Research & Development,38,Married,Yes
451,449,Tyquan,Sanford,F,10/9/82,,111819.0,Research & Development,57,Divorced,No
452,449,Eugenia,Will,F,17/8/76,PE,66967.0,Sales,72,Divorced,Yes
453,450,Carrol,Little,M,2/12/82,PE,75423.0,Research & Development,66,Single,No
454,452,Brittaney,Wisoky,M,3/2/74,PE,114863.0,Human Resources,98,Single,No
455,453,Lucretia,Mante,F,24/10/76,PE,98550.0,Research & Development,67,Married,No
456,454,Carmen,Lind,F,8/4/97,TE,147651.0,Research & Development,70,Divorced,Yes
457,455,Isamar,Grimes,M,10/10/91,TE,113122.0,Research & Development,96,Married,No
458,456,Denine,Crona,M,29/10/81,PE,105854.0,Sales,91,Single,No
459,457,Kaelynn,Pollich,M,2/12/95,CA,148552.0,Research & Development,46,Single,No
460,457,Dorathy,Senger,M,26/12/93,CA,64114.0,Sales,64,Married,No
461,458,Desmond,Pfeffer,F,7/4/70,CA,72361.0,Sales,71,Married,No
462,459,Claiborne,Kuhn,F,15/5/95,PE,58088.0,Research & Development,68,Married,No
463,460,Abbey,Fahey,F,27/8/82,,124621.0,Sales,33,Married,No
464,460,Erin,Schmidt,U,30/11/96,PE,107436.0,Sales,69,Single,Yes
465,462,Doris,Effertz,M,15/4/71,,89444.0,Human Resources,78,Divorced,No
466,462,Penelope,Crona,M,12/6/99,PE,80458.0,Research & Development,81,Married,No
467,462,Maddux,Fahey,M,1/7/73,PE,74497.0,Sales,62,Single,No
468,462,Helena,Denesik,M,15/1/75,PE,57771.0,Research & Development,65,Single,No
469,463,Ellison,Bednar,F,10/3/84,PE,81377.0,Research & Development,35,Married,No
470,464,Texanna,Rohan,F,9/9/97,PE,140536.0,Research & Development,60,Married,No
471,466,Isom,Hartmann,U,28/7/86,TE,144872.0,Research & Development,45,Married,No
472,469,Patric,O'Hara,F,17/3/73,PE,120552.0,Research & Development,89,Married,No
473,472,Johny,Volkman,M,25/7/98,PE,143599.0,Research & Development,80,Married,No
474,473,Misti,Hammes,M,14/5/70,,117924.0,Sales,90,,No
475,474,Carey,Harber,U,9/5/90,PE,140852.0,Research & Development,73,,No
476,475,Abe,Schultz,M,15/11/94,CA,71706.0,Research & Development,87,Married,Yes
477,476,Zack,Koch,F,20/11/70,PE,109910.0,Sales,51,Married,Yes
478,476,Jerrilyn,Jakubowski,U,17/6/75,TE,88637.0,Sales,38,Married,No
479,476,Claiborne,Lockman,F,21/12/80,PE,87904.0,Sales,87,Divorced,No
480,476,Lamonte,Rolfson,M,27/9/79,PE,68661.0,Research & Development,59,Single,Yes
481,477,Nathaly,Adams,M,29/1/74,PE,100052.0,Research & Development,45,Divorced,No
482,478,Palma,Beahan,F,6/5/72,PE,124103.0,Sales,80,Married,Yes
483,480,Jarrad,Schmitt,U,19/2/88,PE,126906.0,Research & Development,93,Married,No
484,480,Guss,Schultz,U,27/4/96,PE,95139.0,Sales,46,Married,No
485,482,Anibal,Dare,M,23/5/86,TE,149219.0,Research & Development,92,Divorced,No
486,482,Rahn,Gusikowski,U,2/4/89,CA,124691.0,Research & Development,84,Married,No
487,482,Fran,Pagac,M,31/12/92,PE,99065.0,Research & Development,87,Married,No
488,483,Desirae,Frami,F,8/7/82,PE,105702.0,Research & Development,63,Married,No
489,483,Melissia,Strosin,F,13/12/73,PE,100176.0,Research & Development,56,Single,No
490,483,Lenord,Kihn,M,1/7/94,,64598.0,Sales,51,Single,Yes
491,484,Aryana,Hammes,M,19/6/73,PE,93551.0,Research & Development,85,Married,Yes
492,486,Gorden,Vandervort,F,25/10/77,PE,147202.0,Research & Development,67,Single,Yes
493,486,Kelby,Hessel,M,21/6/72,PE,103945.0,Sales,35,Married,No
494,489,Karma,Herman,F,22/12/94,PE,111818.0,Research & Development,31,Married,Yes
495,490,Beula,Koss,F,29/4/71,,77730.0,Research & Development,48,Single,No
496,490,Chace,Crist,F,2/1/85,PE,71364.0,Research & Development,50,Married,Yes
497,491,Chelsi,Parisian,M,24/2/87,PE,142266.0,Research & Development,52,Married,No
498,491,Cherelle,Waelchi,M,5/7/82,PE,56568.0,Research & Development,54,Married,No
499,492,Edwin,Graham,M,2/5/97,PE,138471.0,Research & Development,76,Divorced,Yes
500,492,Sidney,Reilly,U,11/2/77,TE,67500.0,Research & Development,42,Divorced,No
501,492,Claudine,O'Conner,U,12/7/94,,61888.0,Sales,84,Single,No
502,492,Irl,Okuneva,M,4/10/81,PE,58334.0,Sales,76,Single,No
503,493,Jelani,Quitzon,M,20/3/91,PE,93442.0,Research & Development,67,Single,No
504,493,Manda,McKenzie,F,7/10/89,PE,59627.0,Research & Development,48,Married,No
505,498,Christion,Jones,U,20/10/87,CA,119208.0,Research & Development,39,Married,No
506,499,Cheyanne,Wiza,M,8/3/95,PE,117399.0,Research & Development,97,Divorced,No
507,499,Evette,Marquardt,M,26/3/99,,80151.0,Research & Development,70,Divorced,Yes
508,500,Torrance,Hahn,U,13/6/94,PE,89393.0,Research & Development,98,Married,No
509,501,Raquan,Schmeler,F,31/5/90,CA,137343.0,Research & Development,76,Married,No
510,503,Socorro,Barrows,M,6/8/76,PE,135162.0,Research & Development,80,Married,No
511,503,Patrick,Boehm,U,23/10/89,,111033.0,Sales,52,Married,No
512,504,Dorla,Stark,M,14/8/98,,134767.0,Human Resources,85,Married,No
513,505,Lue,Von,F,10/12/86,PE,119230.0,Research & Development,81,Divorced,No
514,508,Ally,Turcotte,U,30/6/94,PE,130803.0,Research & Development,59,Divorced,No
515,509,Kendall,Harvey,M,18/10/75,CA,142874.0,Research & Development,54,Single,Yes
516,509,Clemens,West,U,12/10/81,PE,134268.0,Research & Development,55,Single,No
517,510,Billy,Reilly,M,30/4/77,,75300.0,Research & Development,71,Married,No
518,511,Mace,Cormier,M,29/5/93,PE,122923.0,Research & Development,84,Divorced,Yes
519,512,Cordell,Rempel,F,10/4/95,PE,120924.0,Research & Development,37,Married,Yes
520,512,Sybilla,Kreiger,M,20/9/81,PE,89122.0,Sales,89,Single,No
521,513,Devyn,O'Conner,M,12/1/94,PE,130685.0,Research & Development,59,Single,Yes
522,514,Mickey,Pagac,F,23/5/84,CA,133279.0,Research & Development,32,Married,Yes
523,514,Kenny,Shields,M,30/11/96,PE,133041.0,Human Resources,86,Married,No
524,515,Adelard,Abshire,F,15/12/73,PE,66031.0,Research & Development,87,Married,No
525,516,Chuck,Watsica,M,24/2/84,,135153.0,Sales,73,Married,Yes
526,516,Sherrie,Parker,U,17/11/77,CA,115952.0,Research & Development,42,Single,No
527,517,Ashley,Emard,F,9/1/71,PE,149670.0,Research & Development,42,Divorced,No
528,517,Dinah,Ortiz,U,21/7/91,,129401.0,Research & Development,77,Married,No
529,517,Alice,Doyle,M,1/8/98,PE,119391.0,Research & Development,66,Single,No
530,520,Olan,Homenick,U,7/9/91,TE,148916.0,Sales,72,Single,No
531,520,Sky,Collins,U,28/4/84,CA,137270.0,Research & Development,50,Married,No
532,520,Octavio,Emard,U,29/1/75,PE,133131.0,Research & Development,31,Married,No
533,520,Inga,Boehm,M,8/5/76,PE,129020.0,Research & Development,66,Married,No
534,520,Kasey,Christiansen,U,9/8/76,CA,121419.0,Research & Development,77,Married,No
535,520,Hazel,Bruen,F,19/1/80,,89167.0,Research & Development,41,Married,Yes
536,522,Sannie,White,M,13/5/75,,117537.0,Sales,33,,No
537,525,Semaj,Rowe,M,7/7/70,PE,89280.0,Research & Development,79,,No
538,527,Aurora,Fritsch,M,12/5/70,CA,132233.0,Research & Development,91,Married,No
539,527,Dolly,Ryan,U,26/3/92,CA,120725.0,Research & Development,65,Married,No
540,527,Terrance,Schroeder,F,2/6/89,PE,76154.0,Research & Development,36,Married,Yes
541,530,Sullivan,Mueller,F,24/2/76,PE,114085.0,Research & Development,90,Divorced,No
542,531,Sky,Schowalter,F,17/6/78,,68018.0,Research & Development,43,Single,Yes
543,532,Sula,Funk,F,6/4/79,,73487.0,Research & Development,93,Divorced,No
544,533,Algernon,Spencer,U,30/3/83,PE,72979.0,Sales,45,Married,No
545,535,Armani,McClure,F,20/6/73,TE,110082.0,Research & Development,67,Married,No
546,536,Edmund,Champlin,F,27/5/78,PE,117105.0,Sales,74,Married,Yes
547,537,Clarence,Kemmer,U,5/1/93,,89101.0,Sales,67,Divorced,No
548,540,Elisha,Haag,U,25/1/84,PE,74124.0,Research & Development,47,Married,No
549,541,Madalyn,Dach,M,11/7/79,PE,143222.0,Sales,36,Married,No
550,541,Ruth,Eichmann,U,19/3/73,,98816.0,Research & Development,80,Married,Yes
551,541,Claire,Kiehn,M,7/12/76,PE,70316.0,Research & Development,54,Single,No
552,542,Mat,Nienow,F,14/6/95,,141463.0,Sales,36,Single,Yes
553,542,Casimer,Reynolds,M,6/1/80,PE,76821.0,Research & Development,80,Married,No
554,544,Karol,Parisian,M,1/6/92,TE,99501.0,Sales,44,Single,Yes
555,544,Henrietta,Greenholt,U,6/4/77,PE,93206.0,Sales,93,Married,Yes
556,548,Francine,Mayer,M,17/2/97,PE,80200.0,Sales,87,Married,No
557,550,Dove,Runolfsdottir,F,4/3/72,PE,137960.0,Research & Development,48,Single,No
558,551,Arden,Hoeger,F,25/4/88,,89713.0,Human Resources,95,Married,Yes
559,552,Sydni,Rutherford,U,27/12/95,PE,123683.0,Research & Development,95,Married,No
560,553,Brandi,Klein,F,19/10/76,PE,71013.0,Research & Development,76,Married,No
561,554,Denisha,Price,M,21/6/99,PE,87662.0,Research & Development,94,Divorced,No
562,556,Kahlil,Glover,M,19/2/83,TE,70487.0,Sales,57,Divorced,No
563,558,Monroe,Pacocha,M,22/8/86,PE,122011.0,Research & Development,92,Single,No
564,558,Miley,Kshlerin,M,21/11/94,,66572.0,Research & Development,79,Single,No
565,561,Kari,Conn,F,19/1/80,,58570.0,Research & Development,31,Single,No
566,562,Alpheus,Mayer,F,25/1/77,PE,83631.0,Research & Development,35,Married,No
567,563,Draven,Gleichner,F,14/11/93,PE,109525.0,Research & Development,99,Married,Yes
568,565,North,McLaughlin,F,31/10/88,PE,128329.0,Research & Development,96,Divorced,Yes
569,566,Minor,Bradtke,U,28/1/78,CA,111715.0,Sales,79,Divorced,Yes
570,566,Mia,Von,M,11/7/86,PE,103794.0,Research & Development,73,Married,Yes
571,569,Fernanda,Anderson,U,11/11/73,PE,100056.0,Sales,62,Married,No
572,569,Angella,Harvey,F,21/1/88,CA,77758.0,Research & Development,35,Married,No
573,570,Chimere,Wunsch,F,13/8/97,PE,94717.0,Research & Development,43,Married,No
574,570,Corda,Lowe,U,18/4/79,,70581.0,Sales,51,Married,No
575,573,Laverne,Schiller,F,5/3/76,PE,131800.0,Research & Development,74,Divorced,No
576,575,Qiana,Gutkowski,U,25/10/71,PE,115611.0,Sales,58,Divorced,No
577,578,Raheem,Rogahn,M,5/9/97,,119569.0,Research & Development,82,Single,No
578,578,Lenord,Mraz,M,25/6/97,PE,102116.0,Sales,62,Single,No
579,580,Rashaan,Mills,M,16/5/97,PE,72516.0,Research & Development,48,Married,No
580,581,Tobi,Cummings,M,7/10/90,TE,135521.0,Human Resources,56,Divorced,No
581,583,Mabel,O'Hara,F,28/10/82,PE,136284.0,Sales,69,Married,No
582,583,Wally,Cremin,F,4/12/78,PE,110306.0,Research & Development,60,Single,No
583,583,Camila,Tillman,M,3/4/77,PE,99941.0,Research & Development,92,Single,Yes
584,583,Jayce,Kub,U,29/5/82,PE,97761.0,Research & Development,91,Married,No
585,584,Kymani,Erdman,U,13/5/89,TE,82247.0,Research & Development,67,Married,No
586,586,Barton,Stokes,F,10/5/91,PE,97214.0,Human Resources,49,Married,No
587,586,Arianna,Gorczany,F,15/10/73,,87397.0,Research & Development,33,Married,No
588,587,Sherrie,Hudson,U,4/10/70,PE,145960.0,Research & Development,87,Single,No
589,590,Deidre,Graham,F,18/2/84,,85806.0,Research & Development,74,Divorced,Yes
590,590,Santana,Jones,F,9/3/99,TE,85004.0,Research & Development,96,Married,Yes
591,592,Marsha,Price,F,17/11/82,TE,86095.0,Research & Development,34,Single,No
593,593,Syble,Ebert,U,5/11/94,PE,117818.0,Sales,30,Married,No
594,597,Tessa,Howell,U,7/10/82,PE,83065.0,Sales,77,Married,Yes
595,599,Joshuah,Walker,F,12/4/82,TE,127064.0,Sales,80,Married,No
596,599,Echo,Lowe,F,29/12/84,PE,58458.0,Research & Development,88,Married,No
597,600,Ewell,Hammes,M,5/9/72,PE,119049.0,Research & Development,56,Married,No
598,600,Lani,Lang,M,6/7/74,,105188.0,Research & Development,78,,No
599,606,Patty,Swift,F,26/12/87,CA,126589.0,Sales,59,,No
600,606,Lorrie,Crist,F,25/7/81,PE,111104.0,Sales,66,,No
601,606,Jonell,Frami,M,30/3/89,PE,64124.0,Human Resources,51,Married,No
602,606,Vela,Lueilwitz,M,13/11/79,TE,61581.0,Research & Development,67,Married,No
603,606,Stafford,King,M,12/12/96,,60367.0,Human Resources,52,Married,No
604,607,Garvin,Hermann,U,21/11/88,PE,138378.0,Human Resources,70,Divorced,Yes
605,607,Alto,Wisozk,F,11/1/75,PE,136728.0,Sales,94,Single,No
606,607,Stuart,Cronin,F,18/11/71,,128312.0,Research & Development,97,Divorced,Yes
607,607,Taj,Cole,U,11/12/94,PE,92292.0,Sales,62,Married,No
608,607,May,Doyle,F,21/6/92,PE,65658.0,Research & Development,80,Married,No
609,609,Arbie,Wiza,U,7/12/93,PE,82997.0,Sales,74,Married,Yes
610,609,Alana,Gaylord,F,27/10/76,,71825.0,Research & Development,75,Divorced,No
611,610,Americo,Hyatt,M,23/9/85,PE,148119.0,Sales,70,Married,No
612,610,Sidney,Johnson,F,12/12/90,PE,141549.0,Sales,91,Married,No
613,611,Deetta,Lowe,F,11/1/71,PE,107681.0,Sales,58,Married,No
614,611,Weldon,Cronin,M,26/12/88,PE,83682.0,Research & Development,65,Single,No
615,613,Leva,Berge,M,8/6/78,PE,90204.0,Sales,60,Single,Yes
616,615,Kyleigh,Rutherford,F,12/12/97,PE,67230.0,Research & Development,38,Married,Yes
617,617,Rickey,Aufderhar,U,27/12/94,PE,139864.0,Research & Development,57,Single,No
618,619,Dijon,Kohler,U,2/7/88,,82779.0,Research & Development,60,Married,No
619,621,Saint,Hayes,F,9/8/93,,128053.0,Research & Development,90,Married,No
620,622,Marley,Okuneva,F,27/10/78,PE,146836.0,Research & Development,94,Single,No
621,622,Dakotah,Kirlin,M,5/11/76,PE,93349.0,Research & Development,87,Married,Yes
622,623,Tyrique,Gusikowski,F,10/2/71,PE,145009.0,Research & Development,60,Married,Yes
623,624,Serenity,Senger,F,19/4/93,TE,85681.0,Research & Development,97,Married,No
624,626,Uriah,Schmidt,U,8/12/97,PE,88767.0,Research & Development,32,Divorced,No
625,627,Edwin,Abbott,M,21/12/79,,139549.0,Sales,31,Divorced,No
626,627,Alphonsine,Bode,F,13/7/78,PE,72830.0,Research & Development,40,Single,No
627,628,Lucretia,Shanahan,U,2/7/83,CA,128515.0,Human Resources,79,Single,Yes
628,629,Broderick,Mills,F,25/4/86,PE,104727.0,Sales,91,Single,No
629,630,Iola,Hilpert,M,1/12/74,,100923.0,Sales,53,Married,No
630,631,Milan,O'Conner,M,1/7/75,,116626.0,Research & Development,46,Married,No
631,631,Becky,Murazik,F,26/3/87,PE,112854.0,Research & Development,46,Divorced,Yes
632,632,Linette,Mante,U,27/5/97,PE,146708.0,Sales,90,Divorced,Yes
633,632,Josephus,Collier,M,13/11/86,,103524.0,Research & Development,99,Married,Yes
634,632,Sharonda,Doyle,M,22/10/82,PE,71172.0,Sales,89,Married,No
635,634,Corina,Schowalter,U,2/3/74,PE,91252.0,Research & Development,84,Married,Yes
636,635,Lolita,Kuvalis,F,29/7/88,PE,140096.0,Research & Development,90,Married,No
637,637,Iyanna,Bauch,F,12/6/85,PE,117873.0,Research & Development,82,Married,No
638,638,Crockett,Zieme,U,25/8/78,PE,86551.0,Human Resources,65,Divorced,No
639,639,Dulcie,Lemke,F,15/5/70,,59796.0,Sales,98,Divorced,No
640,640,Clint,Feil,F,18/12/75,PE,120068.0,Research & Development,99,Single,No
641,643,Stella,Homenick,M,29/9/75,PE,149108.0,Research & Development,95,Single,No
642,645,Kayley,Predovic,F,20/5/73,,108400.0,Research & Development,90,Married,No
643,645,Clearence,Turner,M,17/5/97,PE,98536.0,Sales,100,Divorced,No
644,646,Nova,Predovic,U,25/1/97,PE,103012.0,Research & Development,93,Married,No
645,648,Reina,Roob,M,11/5/94,,65167.0,Research & Development,58,Single,No
646,648,Luella,Tromp,M,24/1/70,PE,55559.0,Research & Development,83,Single,No
647,655,Trey,Conn,F,21/4/78,PE,118809.0,Human Resources,52,Married,No
648,656,Isabel,Hilpert,M,1/3/77,CA,64781.0,Research & Development,85,Married,No
649,657,Juana,Russel,F,8/7/91,,142237.0,Research & Development,81,Married,Yes
650,659,Tatyana,Cassin,M,4/2/87,TE,62908.0,Sales,64,Married,No
651,660,Rebekah,Ullrich,F,4/12/86,,118321.0,Research & Development,69,Single,Yes
652,662,Sherwin,Witting,F,1/5/77,PE,73338.0,Research & Development,66,Divorced,No
653,663,Rae,Wolf,U,13/1/98,,98996.0,Sales,52,Married,No
654,666,Alysha,Greenholt,U,24/1/84,TE,141005.0,Research & Development,92,Single,No
655,666,Ross,Konopelski,F,30/5/99,,87013.0,Human Resources,52,Single,No
656,667,Tasia,Nitzsche,F,6/3/72,PE,117011.0,Research & Development,91,Married,No
657,667,Hymen,Kub,M,17/1/82,PE,64141.0,Research & Development,92,Married,Yes
658,668,Karrie,Prosacco,F,23/12/70,PE,119203.0,Sales,47,Married,No
659,668,Lorinda,Rogahn,U,20/10/91,PE,95436.0,Sales,68,Married,No
660,669,Evaline,Bashirian,U,20/12/88,PE,108479.0,Research & Development,68,Married,No
661,672,Sedrick,Waelchi,F,19/4/75,TE,92351.0,Research & Development,67,,No
662,672,Fannie,Lemke,M,4/9/90,PE,85872.0,Research & Development,77,,Yes
663,673,Aubrie,Kuphal,U,29/9/91,PE,148177.0,Research & Development,46,Married,No
664,673,Haleigh,Herzog,M,24/7/94,,115672.0,Sales,87,Married,Yes
665,673,Demian,Barrows,F,29/7/80,PE,74930.0,Research & Development,33,Married,No
666,674,Delpha,Frami,F,2/6/86,PE,95014.0,Sales,89,Divorced,No
667,675,Madden,Hessel,M,21/8/78,PE,137376.0,Sales,56,Single,Yes
668,676,Jaelynn,Morissette,M,24/1/81,,96862.0,Research & Development,67,Divorced,No
669,678,Juliet,Hagenes,U,19/8/79,PE,83360.0,Research & Development,73,Married,Yes
670,679,Marie,Gibson,M,22/3/82,,138310.0,Human Resources,92,Married,No
671,679,Katelin,Huels,M,17/12/96,PE,65039.0,Human Resources,53,Married,Yes
672,681,Kassie,Rogahn,F,23/9/85,PE,110676.0,Sales,40,Divorced,No
673,681,Triston,Yundt,F,29/3/70,TE,86467.0,Research & Development,79,Married,No
674,681,Sebrina,Gibson,F,24/3/91,PE,72679.0,Sales,38,Married,No
675,682,Shawanda,Harber,F,29/1/90,PE,130551.0,Research & Development,64,Married,No
676,683,Wesley,Wiza,F,7/6/89,PE,68935.0,Research & Development,82,Single,No
677,684,Ethelbert,Koch,F,15/4/72,PE,124780.0,Sales,43,Single,No
678,686,Harvy,Schmeler,U,16/5/82,PE,136674.0,Research & Development,93,Married,No
679,686,Jedidiah,Carroll,M,16/2/76,PE,124095.0,Research & Development,81,Single,No
680,686,Charlsie,Hirthe,M,15/8/75,PE,62393.0,Research & Development,82,Married,Yes
681,687,Willie,Runte,U,10/7/98,,143318.0,Human Resources,67,Married,No
682,687,Columbia,Pacocha,F,4/10/94,PE,129147.0,Research & Development,36,Single,No
683,687,Christa,King,F,25/3/94,CA,128960.0,Research & Development,87,Married,No
684,690,Dejah,Mertz,F,6/8/78,PE,113054.0,Sales,81,Married,No
685,690,Markel,Beer,M,5/8/97,PE,95954.0,Sales,91,Married,No
686,691,Georgie,Friesen,F,14/7/86,PE,125873.0,Sales,73,Divorced,Yes
687,692,Val,Schmitt,M,6/5/77,PE,132677.0,Human Resources,64,Divorced,No
688,692,London,Denesik,M,5/1/92,CA,72160.0,Research & Development,77,Single,No
689,693,Hakim,Towne,F,5/1/75,PE,132437.0,Research & Development,41,Single,No
690,695,Mack,Nolan,F,26/1/98,PE,121793.0,Research & Development,98,Single,No
691,696,Marco,Heidenreich,M,14/8/78,PE,59639.0,Sales,78,Married,No
692,698,Elvis,Kunze,M,19/6/79,PE,138143.0,Research & Development,89,Married,No
693,699,Gloria,Treutel,F,16/12/95,PE,100276.0,Research & Development,75,Divorced,Yes
694,700,Jaiden,Hirthe,M,26/9/70,CA,62770.0,Research & Development,63,Divorced,Yes
695,702,Clella,Greenholt,U,1/6/94,PE,121203.0,Sales,89,Married,No
696,705,Elmo,Jacobson,M,26/1/82,PE,104313.0,Sales,64,Married,Yes
697,705,Kathyrn,Balistreri,F,6/3/99,PE,68773.0,Research & Development,59,Married,No
698,707,Ewell,Sawayn,F,23/3/93,PE,117610.0,Sales,78,Married,Yes
699,707,Erling,Nienow,F,31/12/70,,94938.0,Research & Development,44,Married,Yes
700,707,Leesa,Friesen,M,18/9/96,,80722.0,Sales,93,Divorced,No
701,708,Opal,Koelpin,M,21/2/75,PE,132691.0,Research & Development,94,Divorced,No
702,709,Loula,Botsford,F,19/1/95,,100518.0,Research & Development,98,Single,No
703,710,Jaycee,Koss,M,15/10/71,TE,147143.0,Research & Development,90,Single,Yes
704,710,Donato,Vandervort,M,18/9/85,PE,141040.0,Research & Development,89,Married,No
705,710,Noreen,Bayer,M,26/7/85,,131732.0,Human Resources,58,Divorced,No
706,710,Eldred,Kshlerin,F,24/9/75,PE,92262.0,Research & Development,78,Married,No
707,712,Damian,Marvin,F,21/5/75,PE,135791.0,Research & Development,85,Single,Yes
708,712,Yahir,Kertzmann,F,27/10/70,,95140.0,Sales,97,Single,No
709,712,Dann,Crooks,U,25/12/83,CA,66592.0,Research & Development,33,Married,No
710,713,Ula,Rogahn,M,1/4/97,,97009.0,Research & Development,54,Married,No
711,713,Kaci,Berge,U,22/3/90,PE,72666.0,Research & Development,83,Married,No
712,714,Sylvan,Spinka,F,9/11/85,PE,94445.0,Research & Development,86,Married,Yes
713,717,Helyn,Fadel,F,5/9/85,PE,70770.0,Sales,75,Single,Yes
714,718,Lindy,Gottlieb,M,25/2/94,PE,66430.0,Sales,62,Divorced,No
715,719,Leola,Schroeder,F,31/12/72,PE,72369.0,Research & Development,61,Married,No
716,720,Alfred,Wiza,F,20/2/99,TE,61723.0,Sales,44,Single,No
717,721,Hasel,Leannon,M,31/7/89,CA,121109.0,Sales,43,Single,No
718,723,Williemae,Wilkinson,M,22/10/87,PE,106398.0,Research & Development,42,Married,Yes
719,724,Gunnar,Prosacco,M,26/1/79,PE,126024.0,Research & Development,45,Married,No
720,725,Nova,Klein,F,28/12/73,PE,123331.0,Research & Development,32,Married,No
721,725,Lance,Ratke,M,3/8/79,PE,84832.0,Sales,41,Married,No
722,725,Corene,Boehm,M,11/2/72,TE,76070.0,Sales,86,Married,Yes
723,728,Matie,Lubowitz,F,27/4/84,PE,119788.0,Sales,84,,Yes
724,728,Carmel,Shields,F,8/1/96,PE,81050.0,Sales,64,,No
725,729,Abril,Hansen,U,25/1/71,TE,66703.0,Research & Development,89,Single,No
726,731,Abraham,Botsford,M,1/6/90,,80828.0,Research & Development,87,Married,No
727,732,Dandre,Bartoletti,F,16/6/75,PE,65582.0,Sales,58,Single,Yes
728,733,Lilla,Blanda,U,14/11/78,PE,66934.0,Research & Development,72,Married,Yes
729,735,Davon,Conn,U,4/2/71,,126723.0,Sales,47,Single,Yes
730,735,Lucius,Kautzer,F,24/7/94,CA,77156.0,Research & Development,71,Divorced,No
731,739,Camille,Renner,U,7/1/88,,121689.0,Research & Development,42,Divorced,No
732,743,Zack,Kling,F,21/11/81,PE,138431.0,Sales,77,Married,Yes
733,743,Katerina,Runolfsson,F,5/7/90,PE,87137.0,Research & Development,58,Married,No
734,743,Baker,Auer,F,28/12/86,PE,72467.0,Research & Development,71,Married,No
735,743,Dessa,Crona,F,6/4/75,,60560.0,Research & Development,49,Single,No
736,744,Viridiana,Beahan,F,29/3/86,PE,142546.0,Sales,48,Divorced,Yes
737,744,Ivory,Mante,M,4/9/84,CA,81133.0,Human Resources,66,Single,No
738,745,Tremaine,Stanton,F,29/7/73,PE,115953.0,Sales,32,Married,No
739,745,Norine,Bode,U,2/10/94,,112224.0,Research & Development,39,Married,No
740,745,Stephenie,White,M,11/1/95,PE,109304.0,Research & Development,95,Married,No
741,745,Anjanette,Marvin,F,11/8/96,,74834.0,Research & Development,89,Single,No
742,747,Gladys,Morissette,F,4/8/87,PE,133905.0,Sales,34,Single,No
743,747,Charley,Hessel,M,23/3/98,PE,90608.0,Sales,48,Divorced,No
744,747,Vernia,Ritchie,M,25/10/88,,70673.0,Research & Development,32,Single,No
745,748,Nevin,Nicolas,F,30/8/89,TE,81635.0,Research & Development,59,Married,No
746,749,Hartley,Harber,U,5/5/78,,148713.0,Research & Development,55,Single,Yes
747,749,Drake,Conroy,F,28/11/88,TE,146475.0,Research & Development,44,Married,No
748,749,Berneice,Wilkinson,M,15/8/79,PE,91162.0,Research & Development,56,Single,No
749,750,Mozelle,Ullrich,M,8/6/99,PE,149146.0,Sales,63,Single,Yes
750,751,Brooke,Morar,F,1/8/83,PE,126294.0,Sales,66,Single,Yes
751,751,Eric,Gislason,U,29/10/84,TE,70713.0,Sales,67,Married,No
752,753,Jayne,Blanda,M,23/1/87,PE,92728.0,Research & Development,36,Single,No
753,754,Elige,Rempel,M,11/12/76,PE,84343.0,Sales,30,Single,No
754,757,Virginia,Ullrich,M,23/9/91,PE,144957.0,Sales,88,Married,Yes
755,757,Leota,O'Keefe,M,2/1/94,,97408.0,Research & Development,71,Married,Yes
756,757,Toma,Leuschke,U,31/5/99,,90620.0,Research & Development,59,Married,Yes
757,758,Avis,Hayes,M,1/2/87,,67180.0,Research & Development,77,Married,No
758,759,Selene,Grady,U,31/3/91,PE,139412.0,Human Resources,37,Single,No
759,760,Durwood,Prosacco,M,31/8/80,CA,114870.0,Human Resources,40,Married,No
760,761,Flor,Schamberger,M,10/5/84,PE,101162.0,Research & Development,77,Married,Yes
761,762,Jerica,Sauer,M,12/3/82,,120954.0,Sales,45,Married,No
762,762,Dolores,Trantow,F,24/5/99,PE,117449.0,Research & Development,78,Married,No
763,762,Fitzgerald,Welch,M,11/4/91,CA,88134.0,Research & Development,73,Single,No
764,762,Geary,Nienow,M,3/11/80,PE,59300.0,Research & Development,92,Divorced,No
765,763,Effa,Senger,F,24/7/74,TE,143664.0,Research & Development,82,Divorced,No
766,763,Virginia,Heaney,F,9/12/95,TE,110331.0,Research & Development,76,Divorced,No
767,763,Kiara,Gerlach,M,26/11/84,,108015.0,Research & Development,57,Married,Yes
768,763,Corda,Wehner,M,13/5/90,CA,77291.0,Sales,84,Married,No
769,764,Marisela,Green,F,3/12/79,PE,67236.0,Human Resources,59,Single,No
770,765,Hildur,Marvin,U,10/1/89,PE,120225.0,Research & Development,86,Divorced,No
771,765,Kristen,Bechtelar,U,17/6/94,TE,95144.0,Research & Development,54,Married,No
772,766,Johathan,Cruickshank,M,31/7/82,CA,130472.0,Research & Development,72,Married,No
773,766,Jace,Russel,U,29/11/98,,71119.0,Research & Development,35,Married,Yes
774,767,Joshua,Renner,M,26/2/79,PE,109423.0,Sales,76,Married,No
775,769,Ardell,Carter,F,9/7/93,TE,129321.0,Sales,98,Single,No
776,769,Madaline,Hammes,F,24/5/74,,66521.0,Research & Development,67,Married,Yes
777,771,Ryleigh,Waters,U,11/5/75,PE,96238.0,Research & Development,63,Divorced,No
778,772,Jabez,McLaughlin,M,12/1/71,PE,141535.0,Research & Development,48,Married,No
779,772,Linsey,Grant,F,11/11/74,PE,73168.0,Research & Development,95,Married,Yes
780,773,Dijon,Brakus,F,17/8/82,,129734.0,Research & Development,49,Married,No
781,775,Verna,Kunze,F,5/8/91,PE,100598.0,Research & Development,83,Married,No
782,775,Anfernee,Mitchell,F,17/5/88,PE,92425.0,Research & Development,68,Single,No
783,777,Charlsie,Schuppe,U,24/3/76,PE,78911.0,Research & Development,52,Married,No
784,779,Codey,Nitzsche,F,18/6/81,CA,85500.0,Research & Development,99,Married,No
785,779,Bernard,Leuschke,U,17/8/80,,62571.0,Research & Development,48,Married,No
786,779,Alannah,Spencer,M,2/8/78,PE,55923.0,Sales,42,Married,Yes
787,780,Destiny,Kirlin,M,30/9/94,CA,120558.0,Research & Development,85,Single,Yes
788,780,Casen,Rowe,M,22/4/90,,120179.0,Research & Development,40,Single,No
789,780,Hailey,Luettgen,M,25/2/79,PE,64791.0,Sales,42,Single,Yes
790,780,Elaine,Von,M,6/7/72,PE,63224.0,Research & Development,58,Single,Yes
791,781,Romeo,Kohler,F,30/9/70,CA,75400.0,Sales,87,Married,No
792,782,Harmony,Witting,M,6/11/87,PE,91591.0,Sales,33,Divorced,No
793,784,Duard,Reichert,F,22/5/84,PE,146078.0,Research & Development,94,Married,No
794,784,Vernie,Mann,U,2/1/94,,92651.0,Sales,97,Married,No
795,784,Julisa,Murazik,U,30/9/87,PE,75235.0,Research & Development,57,Married,No
796,785,Bridgette,Ward,F,13/7/92,PE,77710.0,Sales,36,Single,Yes
797,787,Willow,Shields,F,8/8/94,PE,80748.0,Sales,56,Married,No
798,789,Reid,Tromp,M,20/8/90,,136597.0,Research & Development,72,Married,No
799,790,Johnny,Wehner,F,4/7/74,,72728.0,Research & Development,60,Married,No
800,791,Asia,Hane,F,20/12/95,,110038.0,Research & Development,95,Divorced,No
801,792,Akeem,Mann,F,26/11/74,PE,120863.0,Research & Development,88,Married,No
802,792,Nanci,Schuppe,F,30/12/89,PE,56949.0,Research & Development,57,Single,No
803,793,Laurene,Kohler,M,15/2/78,PE,121461.0,Research & Development,78,Married,No
804,794,Daniel,Zboncak,M,23/10/84,PE,97560.0,Sales,31,Married,Yes
805,795,Ashlyn,Schinner,M,21/10/77,,102601.0,Sales,100,Married,No
806,797,Corinne,Becker,U,24/3/96,,121953.0,Sales,94,Married,No
807,797,Oline,Bednar,F,2/11/92,TE,121636.0,Research & Development,100,Divorced,No
808,798,Clinton,Morar,M,5/9/91,PE,118143.0,Human Resources,50,Married,No
809,799,Clemens,Heathcote,F,15/8/85,PE,107976.0,Sales,52,Single,No
810,799,Valentino,Hudson,M,16/9/88,PE,98463.0,Sales,80,Married,Yes
811,801,Kazuko,Bechtelar,U,3/4/95,PE,97902.0,Sales,98,Single,No
812,801,Raven,Hammes,M,20/6/88,,97382.0,Sales,62,Married,No
813,802,Hilton,Nienow,U,13/10/93,TE,75005.0,Research & Development,46,Divorced,Yes
814,805,Tommie,Kreiger,F,19/2/81,CA,139040.0,Research & Development,73,Married,No
815,805,Blanche,Abernathy,U,25/6/89,PE,77772.0,Research & Development,39,Married,Yes
816,806,Clair,Stokes,M,31/8/78,PE,76691.0,Research & Development,60,Divorced,No
817,808,Katharyn,Boyer,M,28/1/71,PE,103177.0,Research & Development,74,Married,No
818,808,Aleah,Bosco,M,13/4/76,PE,67831.0,Research & Development,30,Divorced,No
819,809,Milas,Williamson,F,2/11/77,PE,93584.0,Sales,41,Single,No
820,812,Sincere,Russel,F,21/10/96,PE,139171.0,Sales,42,Single,No
821,812,Kayley,Walker,U,13/8/81,,89921.0,Research & Development,87,Married,Yes
822,813,Cyril,Fahey,M,16/4/71,CA,146821.0,Sales,63,Divorced,No
823,813,Rudolf,Paucek,F,7/3/72,,110663.0,Research & Development,82,Married,No
824,813,Laura,Hartmann,F,5/12/88,PE,63915.0,Research & Development,40,Married,Yes
825,814,Jarrod,Williamson,F,24/7/89,PE,126979.0,Research & Development,76,Married,No
826,814,Laddie,Stroman,F,11/1/96,PE,72613.0,Sales,89,Single,Yes
827,814,Chaya,Zboncak,M,16/5/89,PE,62362.0,Research & Development,78,Divorced,No
828,814,Kendall,Kilback,M,5/9/84,PE,59078.0,Bench,86,Married,Yes
829,817,Lacey,Dickens,F,23/7/71,,96147.0,Sales,77,Married,No
830,818,Racheal,Funk,M,23/1/88,PE,120223.0,Sales,46,Married,No
831,818,Mikeal,Deckow,M,5/12/70,TE,99191.0,Research & Development,30,Single,Yes
832,819,Jed,Casper,U,21/4/98,CA,98343.0,Sales,82,Married,No
833,824,Mathilda,Cormier,F,7/8/78,TE,140012.0,Research & Development,78,Married,Yes
834,824,Brendan,Block,F,10/10/96,TE,123597.0,Sales,38,Divorced,No
835,824,Kami,Langworth,M,22/8/96,PE,72960.0,Human Resources,72,Single,No
836,825,Loris,Volkman,M,26/7/94,CA,83511.0,Research & Development,55,Married,No
837,826,Braydon,Ritchie,F,17/5/95,PE,60911.0,Research & Development,43,Single,No
838,827,Venie,Becker,M,15/3/73,TE,148967.0,Sales,97,Single,No
839,828,Magdalena,Reichert,M,2/9/93,PE,55366.0,Research & Development,96,Single,No
840,829,Halley,Armstrong,M,15/7/72,PE,96508.0,Research & Development,69,Married,Yes
841,829,Shade,Runte,M,8/11/91,PE,56935.0,Sales,64,Divorced,No
842,835,Zelia,Lakin,M,2/7/89,CA,125912.0,Research & Development,87,Married,No
843,835,Olar,Pagac,M,15/2/97,,93548.0,Research & Development,100,Married,No
844,835,Vikki,Schiller,M,31/10/84,PE,72145.0,Research & Development,32,Divorced,No
845,836,Tammy,Nolan,U,2/8/74,TE,127199.0,Research & Development,32,Single,No
846,837,Nikhil,Lemke,F,6/6/82,PE,109382.0,Research & Development,51,Divorced,No
847,840,Vassie,Turcotte,F,22/5/99,PE,138513.0,Research & Development,91,Single,No
848,841,Kimber,Larson,F,24/3/98,PE,149164.0,Research & Development,97,Married,No
849,841,Annamarie,Blanda,M,23/3/82,PE,106169.0,Research & Development,86,Married,No
850,841,Sarai,Heidenreich,F,8/3/83,PE,76742.0,Research & Development,64,Divorced,Yes
851,843,Lillian,Bogisich,U,12/11/91,PE,72411.0,Sales,33,Married,No
852,845,Wendel,Dibbert,F,2/8/92,PE,144099.0,Research & Development,88,Married,Yes
853,845,Candace,Predovic,M,2/3/86,TE,98922.0,Research & Development,55,Single,Yes
854,845,Shellie,Zboncak,M,27/8/88,PE,80332.0,Research & Development,68,Married,No
855,845,Kayleen,Hodkiewicz,F,29/5/86,,58755.0,Sales,47,Divorced,No
856,846,Cleo,O'Kon,M,22/12/74,PE,108288.0,Research & Development,39,Divorced,No
857,846,Rutha,Emmerich,F,16/12/93,CA,73547.0,Research & Development,44,Divorced,No
858,847,Dequan,Brown,U,29/5/86,PE,119370.0,Sales,97,Married,No
859,847,Cory,Funk,F,18/2/99,PE,80614.0,Research & Development,40,Divorced,Yes
860,850,Arnulfo,Dickens,F,16/11/95,PE,135303.0,Research & Development,47,Single,No
861,850,Jeffry,Kreiger,M,7/4/83,PE,79429.0,Research & Development,79,Divorced,Yes
862,850,Darryle,Stracke,U,3/6/78,TE,77865.0,Research & Development,38,Single,Yes
863,852,Alston,Bauch,U,4/12/79,PE,109846.0,Research & Development,57,Single,No
864,854,Ama,Hilll,U,10/8/97,,98448.0,Research & Development,72,Single,Yes
865,855,Carla,Witting,F,7/2/77,PE,96996.0,Sales,66,Divorced,No
866,858,Larkin,Aufderhar,F,14/11/97,,113114.0,Research & Development,98,Married,No
867,860,Tera,Glover,M,7/4/72,TE,123495.0,Human Resources,67,Divorced,No
868,863,Eileen,Boyle,F,25/5/95,CA,96924.0,Research & Development,70,Single,Yes
869,866,Nadine,Bednar,F,26/8/78,PE,128460.0,Research & Development,96,Married,No
870,866,Park,Harber,M,23/12/89,PE,94897.0,Research & Development,91,Married,No
871,866,Corinna,Parker,F,4/3/85,CA,84403.0,Sales,46,Married,No
872,866,Evonne,Conn,M,21/9/92,PE,55730.0,Research & Development,64,Single,No
873,867,Vicente,Veum,U,14/4/71,PE,98806.0,Sales,71,Single,No
874,867,Greta,Dickinson,F,29/4/90,PE,81093.0,Sales,68,Divorced,No
875,870,Shaniece,Kovacek,M,27/12/90,PE,144102.0,Research & Development,33,Married,No
876,870,Jacquez,Gutmann,F,20/1/79,TE,75846.0,Sales,69,Divorced,Yes
877,870,Dillan,Turcotte,M,29/7/95,PE,68520.0,Sales,78,Married,No
878,873,Minta,Schmitt,F,17/4/72,CA,108987.0,Human Resources,81,Divorced,No
879,875,Selmer,Vandervort,U,10/1/81,TE,116517.0,Research & Development,62,Married,No
880,875,Ione,Jerde,F,5/10/71,PE,109073.0,Sales,65,Divorced,No
881,878,Monnie,Mante,F,29/6/97,TE,91829.0,Research & Development,35,Married,No
882,880,Shelly,Konopelski,M,28/5/90,PE,111792.0,Research & Development,60,Single,No
883,882,Christeen,Borer,M,12/9/81,PE,133983.0,Research & Development,45,Married,No
884,884,Pablo,Bogan,M,3/11/89,,123759.0,Research & Development,89,Married,No
885,884,Nelly,Kiehn,F,23/10/70,,59296.0,Research & Development,80,Single,No
886,885,Elvis,Medhurst,F,25/8/87,CA,141046.0,Research & Development,90,Married,No
887,885,Estela,Smitham,F,6/4/92,PE,123140.0,Sales,73,Single,No
888,885,Barnett,Schneider,M,29/5/80,PE,55153.0,Research & Development,87,Married,Yes
889,886,Ambers,Bergstrom,F,26/4/75,,119200.0,Research & Development,51,Married,Yes
890,886,Baby,Towne,F,14/9/83,TE,95548.0,Sales,38,Married,No
891,888,Byrdie,Rolfson,F,17/4/88,,56176.0,Sales,87,Married,No
892,889,Zechariah,Will,F,27/6/77,PE,127310.0,Sales,59,Single,Yes
893,889,Hollie,Muller,U,4/4/73,CA,116101.0,Research & Development,45,Married,No
894,892,Oline,Hagenes,F,25/2/80,,124195.0,Research & Development,80,Married,Yes
895,892,Theta,Kirlin,M,29/8/75,PE,115004.0,Sales,93,Married,No
896,892,Sonji,King,U,9/12/81,PE,107375.0,Research & Development,46,Married,No
897,892,Celestine,Walker,M,12/10/72,CA,83549.0,Sales,92,Divorced,No
898,893,Janiah,Little,F,3/12/78,PE,142787.0,Research & Development,84,Single,No
899,893,Cheyenne,Schroeder,M,21/2/72,CA,126051.0,Research & Development,87,Married,No
900,894,Virgie,Bradtke,M,6/10/94,PE,86863.0,Research & Development,63,Married,No
901,896,Efrem,Cronin,U,7/5/89,TE,58196.0,Research & Development,56,Married,No
902,898,Kristie,Ullrich,U,11/10/89,PE,108635.0,Research & Development,51,Divorced,Yes
903,900,Talmage,Kirlin,F,7/2/77,TE,118016.0,Sales,85,Divorced,Yes
904,900,Izaiah,West,F,4/2/94,TE,95099.0,Research & Development,41,Single,Yes
905,900,Kate,Blick,F,10/5/75,CA,90927.0,Research & Development,35,Single,No
906,900,Encarnacion,Hand,U,11/6/77,PE,77769.0,Sales,31,Single,Yes
907,901,Nikki,D'Amore,U,9/8/85,CA,108287.0,Research & Development,48,Married,No
908,901,Lary,Krajcik,M,30/8/93,PE,73623.0,Research & Development,50,Married,Yes
909,905,Devon,Kozey,M,1/6/73,,66593.0,Research & Development,52,Single,No
910,906,Augustin,Bins,U,27/6/87,PE,136597.0,Research & Development,54,Married,No
911,906,Florene,O'Connell,M,3/4/79,PE,133971.0,Research & Development,76,Single,Yes
912,908,Angella,Stanton,F,2/8/95,,104029.0,Research & Development,42,Married,No
913,910,Violet,Metz,M,9/3/78,CA,106724.0,Research & Development,84,Divorced,No
914,910,Dereck,Jacobson,F,27/1/77,,79325.0,Sales,76,Married,No
915,911,Landen,Predovic,F,21/6/88,CA,125038.0,Sales,67,Single,No
916,911,Hildred,McKenzie,M,23/3/70,PE,98515.0,Research & Development,48,Single,No
917,914,Phylicia,Gerlach,U,18/12/96,CA,146603.0,Research & Development,39,Single,No
918,914,Tab,Zulauf,M,15/6/91,PE,68168.0,Research & Development,97,Divorced,No
919,916,Jerrad,Orn,U,15/12/76,PE,142640.0,Research & Development,70,Married,Yes
920,917,Jeff,Jacobs,M,6/11/80,TE,98247.0,Research & Development,98,Single,No
921,919,Michial,Oberbrunner,M,26/8/83,PE,142240.0,Research & Development,76,Single,No
922,919,Gerda,Hane,F,2/7/94,PE,140632.0,Research & Development,80,Single,No
923,919,Carter,Howe,F,12/8/78,PE,109318.0,Research & Development,52,Married,No
924,920,Devan,Harris,M,26/9/72,PE,124033.0,Sales,85,Married,No
925,921,Odis,Stracke,U,6/5/82,TE,86325.0,Human Resources,81,Divorced,No
926,921,Kory,Luettgen,M,28/4/93,PE,70790.0,Research & Development,59,Married,No
927,922,Errol,Pfeffer,M,17/1/92,,91406.0,Research & Development,54,Single,Yes
928,924,Takisha,Stanton,F,19/6/96,PE,100116.0,Research & Development,55,Married,No
929,924,Ocie,Lakin,M,9/12/70,TE,71623.0,Research & Development,71,Married,No
930,927,Jaelynn,Corkery,F,21/10/99,PE,136524.0,Research & Development,84,Divorced,Yes
931,928,Domenico,Howe,U,19/1/73,PE,136394.0,Research & Development,37,Married,Yes
932,928,Ottis,Collier,M,20/11/93,PE,109456.0,Research & Development,89,Divorced,No
933,928,West,Blanda,M,21/8/99,PE,71422.0,Sales,59,Divorced,Yes
934,928,Furman,Kiehn,F,3/1/74,,59444.0,Research & Development,32,Divorced,Yes
935,930,Joshuah,O'Keefe,M,5/1/74,CA,142896.0,Research & Development,86,Married,No
936,931,Sommer,Johnston,F,24/11/72,PE,95217.0,Human Resources,87,Single,No
937,932,Lucia,Bogan,M,27/10/94,PE,137985.0,Research & Development,73,Single,Yes
938,936,Marsha,Ledner,F,23/12/82,PE,143806.0,Sales,42,Single,No
939,936,Freda,Dare,U,4/3/70,PE,97777.0,Research & Development,42,Married,No
940,937,Rylan,Stroman,M,24/6/71,PE,141575.0,Research & Development,77,Married,No
941,937,Roby,Hudson,M,15/1/97,,137659.0,Research & Development,66,Married,No
942,937,Emeline,Klocko,F,29/5/75,PE,68156.0,Research & Development,72,Married,No
943,939,Kennard,Hintz,M,12/6/88,PE,71052.0,Sales,50,Married,No
944,940,Marlana,Moen,F,5/5/79,CA,140611.0,Research & Development,31,Divorced,No
945,941,Jose,Breitenberg,F,2/7/85,,142567.0,Research & Development,66,Married,No
946,942,Kaiya,Legros,U,15/10/86,,63683.0,Research & Development,77,Divorced,No
947,945,Shanelle,Rolfson,F,1/9/70,CA,140563.0,Research & Development,41,Divorced,Yes
948,945,Twila,Dickinson,F,15/2/95,PE,65375.0,Research & Development,33,Single,No
949,946,Mustafa,Kreiger,F,11/3/83,PE,125503.0,Sales,79,Married,No
950,947,Kirby,Schmitt,M,19/1/70,PE,138064.0,Research & Development,91,Married,No
951,948,Gerry,Kunze,F,21/11/90,,110341.0,Research & Development,65,Single,No
952,948,Dorsey,Runte,M,25/4/82,PE,84865.0,Research & Development,36,Single,Yes
953,950,Adrienne,Stokes,F,28/7/82,CA,97453.0,Research & Development,90,Married,No
954,951,Emery,Steuber,M,9/2/88,,77892.0,Research & Development,43,Married,Yes
955,951,Farris,Hirthe,M,10/12/86,,74274.0,Research & Development,93,Divorced,No
956,953,Pleas,Flatley,M,24/12/73,PE,72630.0,Research & Development,45,Divorced,No
957,954,Carin,Prosacco,M,24/6/87,TE,143630.0,Sales,67,Married,No
958,954,Margarite,Cassin,F,10/7/81,PE,61076.0,Research & Development,74,Single,Yes
959,956,Williemae,Nikolaus,M,10/3/73,PE,117500.0,Sales,42,Divorced,No
960,957,Damon,Rutherford,M,24/2/76,CA,91380.0,Sales,47,Single,No
961,957,Nettie,Monahan,U,6/7/98,PE,91047.0,Research & Development,36,Single,No
962,958,Ottis,Wiegand,F,27/9/77,PE,139409.0,Sales,80,Divorced,Yes
963,958,Chantel,Shanahan,M,22/5/92,PE,72408.0,Research & Development,54,Single,No
964,960,Laurie,Nienow,M,1/4/93,PE,127405.0,Research & Development,36,Married,Yes
965,960,Madonna,Schmeler,U,20/6/72,PE,94692.0,Sales,80,Married,No
966,961,Meryl,Hammes,F,31/3/74,,145884.0,Research & Development,44,Divorced,Yes
967,962,Walton,Howell,M,1/6/96,PE,76389.0,Sales,93,Married,Yes
968,963,Burley,Lakin,F,6/12/71,CA,116648.0,Sales,87,Divorced,No
969,963,Bea,Lueilwitz,F,16/1/88,PE,85676.0,Sales,48,Married,No
970,965,Sudie,Mayert,M,27/8/94,,115256.0,Research & Development,95,Divorced,Yes
971,965,Janell,Heaney,F,9/6/91,PE,80659.0,Human Resources,95,,No
972,966,Donal,Fay,M,27/5/98,CA,64259.0,Research & Development,76,,No
973,967,Novella,Streich,U,5/6/92,PE,127460.0,Research & Development,94,,No
974,969,Marget,West,M,11/10/79,PE,79230.0,Research & Development,57,Married,No
975,971,Phebe,Turcotte,F,7/8/88,,141422.0,Sales,92,Married,No
976,971,Elvis,Bosco,U,7/3/77,PE,130542.0,Research & Development,79,Married,No
977,975,Evonne,McGlynn,U,23/11/89,TE,66660.0,Research & Development,31,Married,No
978,976,Cinthia,Kutch,U,2/9/93,PE,121833.0,Research & Development,35,Divorced,No
979,979,Emery,Conn,M,23/10/95,PE,138214.0,Research & Development,99,Married,Yes
980,980,Gisselle,Goodwin,M,2/1/90,TE,136427.0,Research & Development,96,Divorced,Yes
981,981,Keanna,Nicolas,F,8/5/94,PE,64265.0,Research & Development,79,Divorced,Yes
982,982,Riley,Orn,U,9/1/78,PE,82041.0,Bench,73,Single,Yes
983,983,Randell,Dickens,M,27/6/81,PE,98427.0,Research & Development,62,Married,No
984,983,Gerald,Pfeffer,M,25/3/99,CA,97350.0,Sales,67,Married,No
985,983,Rosendo,Rau,F,6/11/87,PE,80392.0,Research & Development,67,Single,No
986,984,Felicity,Renner,M,14/8/78,PE,81751.0,Research & Development,51,Single,No
987,985,Elba,Predovic,F,17/8/90,PE,104396.0,Bench,74,Married,No
988,986,Elmyra,Mertz,M,15/4/81,PE,105395.0,Research & Development,58,Married,No
989,990,Maryellen,Stanton,U,26/9/93,PE,80038.0,Bench,82,Divorced,No
990,991,Malvina,Cole,F,25/9/71,PE,66400.0,Research & Development,62,Divorced,No
991,992,Aleta,Kessler,F,2/11/93,PE,94994.0,Bench,48,Married,No
992,992,Oda,Becker,M,22/6/80,PE,76005.0,Research & Development,56,Single,No
993,994,Gertie,Veum,M,16/11/94,,78682.0,Human Resources,69,Divorced,No
994,995,Diamond,Corkery,M,25/5/74,PE,132008.0,Bench,60,Single,No
995,996,Linnie,Larson,F,4/3/80,PE,92815.0,Research & Development,92,Single,Yes
996,997,Agusta,Emmerich,M,5/12/72,PE,114085.0,Research & Development,91,Divorced,No
997,997,Andrew,Schulist,F,2/1/71,PE,101940.0,Research & Development,34,Single,No
998,997,Brook,Turner,M,21/6/90,,80734.0,Research & Development,49,Married,No
999,999,Maceo,Wisoky,M,12/11/83,PE,142838.0,Human Resources,33,Married,No
